Country Name,Country Code,is_air_dprt_2018,SH_DTH_COMM_ZS_2016,IQ_CPA_ECON_XQ_2018,IQ_CPA_SOCI_XQ_2018,IQ_CPA_PUBS_XQ_2018,SH_STA_DIAB_ZS_2019,SL_AGR_EMPL_FE_ZS_2019,SL_AGR_EMPL_MA_ZS_2019,SL_EMP_VULN_ZS_2019,SL_IND_EMPL_MA_ZS_2019,SL_SRV_EMPL_FE_ZS_2019,SL.SRV.EMPL.MA.ZS_2019,IT.NET.BBND.P2_2018,IT.MLT.MAIN.P2_2018,NY.GDP.MKTP.KD.ZG_2018,NY.GDP.PCAP.CD_2018,NY.GDP.PCAP.KD.ZG_2018,NY.GNP.MKTP.PP.CD_2018,NY.GNS.ICTR.ZS_2018,SH.MED.BEDS.ZS_2015,NY.GNP.PCAP.PP.CD_2018,ST.INT.XPND.MP.ZS_2018,ST.INT.RCPT.XP.ZS_2018,SL.TLF.TOTL.IN_2019,IT.CEL.SETS.P2_2018,SM.POP.NETM_2017,BX.TRF.PWKR.CD.DT_2018,SP.POP.0014.TO.ZS_2018,SP.POP.1564.TO.ZS_2018,SP.POP.65UP.TO.ZS_2018,EN.POP.DNST_2018,EN.URB.LCTY.UR.ZS_2018,EN.POP.SLUM.UR.ZS_2014,SP.POP.TOTL_2018,SI.POV.GAPS_2018,SI.POV.DDAY_2018,IS.RRS.TOTL.KM_2018,SM.POP.REFG_2018,SP.URB.TOTL.IN.ZS_2018,SL.EMP.WORK.FE.ZS_2019,SL.EMP.WORK.MA.ZS_2019,pop_basic_san_tot%_2017,pop_basic_san_urb%_2017,pop_basic_san_rur%_2017,pop_safe_man_san_tot%_2017,pop_safe_man_san_urb%_2017,pop_safe_man_san_rur%_2017,chw_#,gov_health_exp%,pop_bas_hnd_wash_fac%_tot_2017,pop_bas_hnd_wash_fac%_urb_2017,pop_bas_hnd_wash_fac%_rur_2017,hos.beds.per10k.#,med_path_lab_sci#,med_path_lab_tech#,doc_per10k#,doc_#,gen_med_prac#,spec_med_prac#,med_doc#,nur_mid_wife_per10k#,nurse#,skl_health_pro_per10k#
Afghanistan,AFG,24433.446,36.4,3,2.6,2.6,9.2,65.23000336,36.97600174,79.72600174,16.45199966,10.07900047,46.5719986,0.043040552,0.343791756,1.030660058,520.8966027,-1.350178336,73130655911,,0.5,1970,2.830353339,3.102622041,10699525,59.12084823,-314602,803546453.8,43.09017551,54.32489755,2.58492694,56.93776001,42.33119836,62.7,37172386,,,,72231,25.495,7.885000229,20.23399925,43,62,37,,,,,12,38,64,29,5,,,2.782,9842,,,9842,1.755,6370,6.37
Albania,ALB,2935,2.9,,,,9,40.70100021,33.80899811,52.85199928,22.89900017,43.31999969,43.29199982,12.55565885,8.62481528,4.145237936,5268.848504,4.40251487,38263095508,16.22980488,,13350,25.53146747,48.19516798,1319734,94.17699827,-69998,1458210056,17.67287372,68.58239036,13.74473591,104.6122628,27.50639254,,2866376,,,,131,60.319,46.20999908,43.49700165,98,98,97,40,40,39,,9.37,,,,29,,,12.164,3511,,,3511,36.495,10534,
Algeria,DZA,77463,14.8,,,,6.7,3.535000086,11.03800011,26.9929992,32.06900024,72.86299896,56.89400101,7.262935415,9.948087553,1.4,4114.715061,-0.615183264,,,1.9,,,,12303850,111.6647921,-50002,1792000000,30.14867859,63.48882487,6.362496545,17.73007507,8.782309903,,42228429,,,,94350,72.629,74.64800262,67.21900177,88,90,82,18,16,21,,9.9,84,88,73,19,136,15238,17.193,72604,32774,39830,,15.477,56411,31.16
American Samoa,ASM,,,,,,,,,,,,,,,2.18487395,11466.69071,2.470435213,,,,,,,,,,,,,,277.325,,,55465,,,,,87.153,,,,,,,,,,,,,,,,,,,,,,,,
Andorra,AND,,,,,,7.7,,,,,,,46.31197569,51.1323793,1.629345471,42029.76274,1.622746677,,,,,,,,107.2825494,,,,,,163.8425532,,,77006,,,,,88.062,,,100,100,100,100,100,100,,27.92,,,,,,,33.333,260,,,260,40.128,296,81.31
Angola,AGO,13978,63.4,,,,4.5,56.36299896,44.3429985,65.99500084,15.20199966,42.5320015,40.45500183,0.355604536,0.557803272,-2.133493257,3432.385736,-5.287779594,190000000000,,,6170,2.943521971,1.345771733,13164510,43.13051888,32066,1579247.15,46.80892471,50.97470164,2.216373648,24.71305206,38.51529774,55.5,30809762,21.4,47.6,,39865,65.514,17.76000023,41.83399963,50,64,23,,,,,5,27,34,13,8,,1376,2.146,6400,,,6400,4.075,12554,15.86
Antigua and Barbuda,ATG,23206.96627,11.9,,,,13.1,,,,,,,,,7.389197162,16726.98081,6.430026467,2454321910,,,25490,10.13403692,84.31068235,,,0,24706009.46,22.08109175,69.11908273,8.79982552,218.8318182,,,96286,,,,1,24.599,,,88,,,,,,,18.08,,,,38,,8,29.56,282,,,282,45.171,435,
Argentina,ARG,161688,15.9,,,,5.9,0.048999999,0.123999998,21.80499911,30.68099976,91.12200165,69.19499969,19.10152239,22.01028152,-2.481792445,11683.94962,-3.467376243,884000000000,15.49293308,,19870,15.13467046,7.856775274,20755018,132.0931513,24000,515857737.2,24.76093384,64.12127729,11.11778888,16.2585101,36.61348375,16.7,44494502,0.4,1,,3468,91.87,77.29000092,72.07499695,,96,,,,,,6.92,,,,50,19629,,39.901,175313,,,175313,25.996,114219,81.19
Armenia,ARM,,2.8,,,,6.1,32.83300018,26.91600037,38.66799879,24.16300011,58.19400024,48.92100143,11.7709355,16.19150706,5.2,4212.070943,4.95169918,30926485342,13.61241304,4.2,10480,21.93378132,26.31719558,1303827,121.259018,-24989,1488016544,20.63342192,68.11276042,11.25381766,103.6802248,57.95676756,14.4,2951776,0.4,2.1,,17970,63.149,61.58100128,58.85300064,94,100,83,48,45,,,7.04,94,97,90,42,,,44.023,12964,,,12964,61.07,16796,82.25
Aruba,ABW,2276,,,,,11.6,,,,,,,,,,,,,,,,,,,,1004,37362837.99,17.80244697,68.64660589,13.55094714,588.0277778,,,105845,,,,,43.411,,,,,,,,,,,,,,,,,,,,,,,,
Australia,AUS,665384,4.6,,,,5.6,1.631000042,3.367000103,10.63399966,29.98999977,90.27999878,66.64199829,30.68500827,32.49237132,2.940333582,57373.68668,1.331877548,1250000000000,21.72715262,,50050,13.66259095,14.4613913,13382706,113.5787106,791229,1861417361,19.19061704,65.15290773,15.65647523,3.249129487,22.29337459,,24982688,,,,56933,86.012,88.07700348,79.73100281,100,,,76,,,1012,17.31,,,,38,,,36.778,90417,39971,44304,6142,125.508,287405,162.4
Austria,AUT,130260,2.6,,,,6.6,3.15899992,3.947000027,7.385000229,37.00999832,85.125,59.04299927,28.35440316,42.42789765,2.419763638,51461.95478,1.8470512,489000000000,27.63844551,,55300,6.011423009,10.01194835,4607129,123.5352681,324998,3139372479,14.29794763,66.70048591,19.00156646,107.2069267,36.8497527,,8840521,,,4864,128769,58.297,90.66000366,85.8219986,100,100,100,97,100,92,,16.27,,,,76,,,51.697,45596,13745,24198,7653,2.63,,135.09
Azerbaijan,AZE,19960,8.8,,,,6.1,41.41899872,30.68099976,55.2310009,23.09000015,52.52700043,46.22999954,19.00503511,16.89934919,1.412873527,4721.178087,0.512193853,170000000000,32.96647514,,17100,13.85468754,11.10480095,5107354,103.9214187,6002,1225790000,23.36956986,70.43524739,6.195182751,120.2653199,41.28926287,,9939800,,,2133.07,1131,55.68,27.14299965,36.54999924,93,96,88,,92,,,3.88,83,,,47,,,34.46,32756,8307,18405,6044,64.338,56148,102.73
"Bahamas, The",BHS,56629.4567,16.9,,,,8.8,0.324000001,3.763999939,14.06600025,24.33399963,96.74199677,71.90200043,22.57744978,29.42015419,1.565759936,32217.87159,0.544150189,11694814996,12.70831786,,30330,10.44056501,77.24679959,225914,98.95082681,4999,,22.48487567,70.25752197,7.257602357,38.52547453,,,385640,,,,15,83.025,91.78600311,80.66400146,95,,,,,,,14.76,,,,29,,104,20.068,766,,,766,45.669,1761,62.39
Bahrain,BHR,57094,6.9,,,,15.6,0.041999999,1.215999961,1.081,41.68000031,91.25800323,57.10400009,11.76230339,17.50509415,1.776728358,24050.75751,-3.110625106,70156170735,24.58253861,,44700,14.79753089,12.73866709,978649,133.3409369,239000,,19.25431012,78.319356,2.426333878,2017.2737,40.29322667,,1569439,,,,263,89.287,96.83100128,97.29599762,100,,,96,,,,10.47,,,,20,,295,9.257,1270,,,1270,24.944,3422,34.07
Bangladesh,BGD,101383.4657,25.6,3.666666667,3.4,2.7,9.2,57.49200058,30.52899933,55.24999905,22.73999977,24.72999954,46.73099899,6.343544324,0.8982994,7.863708893,1698.262802,6.737017522,738000000000,33.2710398,0.8,4570,1.843568429,0.808262579,70009353,100.2447125,-1847503,15562375119,27.70602248,67.13558688,5.15839064,1239.579312,33.12316361,55.1,161356039,,,,906645,36.632,32.35599899,43.77099991,48,51,47,,,32,55136,5.66,35,51,26,8,26121,,5.809,93741,,,93741,4.124,57211,7.38
Barbados,BRB,,13,,,,13.4,1.570000052,3.654000044,15.84099954,28.66600037,89.36000061,67.68099976,31.16790689,44.67016233,-0.498428866,17949.28151,-0.640057736,4667897110,,,16280,,,155240,114.8914496,-397,108310000,17.34294815,66.85435789,15.80269396,666.6069767,,,286641,,,,1,31.147,88.1780014,78.60900116,97,,,,,,,10.92,,,,58,,2,24.843,711,,,711,30.6,877,65.69
Belarus,BLR,31676,2.5,,,,5,7.402999878,14.57699966,3.286999948,41.93399811,73.80500031,43.48899841,33.86912852,47.48760052,3.04990555,6289.938553,3.189813054,182000000000,28.79497861,,19240,2.804441616,2.890125523,5036848,122.925228,43648,1375400000,16.86594305,68.28890878,14.84514817,46.7287999,26.89016114,,9483499,0,0,5459,2234,78.595,97.23999786,94.43599701,98,98,96,81,82,76,,13.79,,,,110,,,51.905,48995,,,48995,110.027,98875,154.9
Belgium,BEL,140674,7.9,,,,4.6,0.600000024,1.274000049,10.18899989,31.61700058,90.98799896,67.10800171,39.21686286,35.75590798,1.458405353,47518.63604,1.041719531,591000000000,24.49841441,,51740,4.637028523,2.315017572,5100709,99.69668646,240000,12313700384,17.05542276,64.1558335,18.78874374,377.2149273,18.30942846,,11433256,,,,42168,98.001,89.35900116,83.15599823,99,99,99,97,,,,15.1,,,,62,,,30.709,35069,12992,21630,447,194.614,210507,141.7
Belize,BLZ,125681.6909,19.4,,,,17.1,4.744999886,24.10700035,29.62200046,19.52099991,85.9240036,56.3730011,6.436926836,5.447815157,3.035403657,4884.742421,1.071369529,2992485221,8.466417863,,7810,4.434036579,45.20635651,178253,85.52696498,6000,92512738.78,30.27976537,64.98377585,4.736458777,16.79399386,,10.8,383071,,,,28,45.724,67.76699829,66.48400116,88,93,83,,,,158,13.81,90,91,90,13,,,11.229,422,,,422,23.414,897,25.83
Benin,BEN,,54.1,3.833333333,3.5,3.3,1,30.23600006,46.63700104,87.73200321,21.37299919,53.23500061,31.98900032,0.235384383,0.422357981,6.858002271,901.5438712,3.975183596,27628119098,,,2410,,,4833197,82.38429039,-10000,198742396,42.44768239,54.29871231,3.253605297,101.8539198,17.06989539,61.5,11485048,,,,1174,47.312,5.132999897,16.5890007,16,27,8,,,,,9.55,11,17,6,5,668,,0.791,908,346,562,,3.888,3410,7.51
Bermuda,BMU,,,,,,6.7,,,,,,,,,,,,,,,,16.02813817,36.94769589,,,,1444367328,,,,1184.592572,,,63973,,,,,100,,,,,,,,,,,,,,,,,,,,,,,,
Bhutan,BTN,5187,20.9,4.166666667,4,4.1,10.3,63.61999893,49.69499969,71.47900009,11.17500019,26.21199989,39.13000107,1.43188916,2.918259569,3.027640595,3243.231125,1.822273166,6980310102,21.60060871,,9250,6.265309934,15.54119118,379603,93.26155771,1600,58148515.8,25.77135373,68.22563455,6.003011713,19.77752777,,,754394,,,,,40.895,15.99199963,36.83499908,69,73,67,,,,578,8.03,,,,17,309,71,4.242,320,210,110,,18.518,1397,18.93
Bolivia,BOL,56592,22.4,,,,6.8,30.62000084,30.78000069,63.22400093,26.67300034,59.2120018,42.54700089,4.4401541,6.271048138,4.223624932,3548.59014,2.752155942,87131766927,16.04735935,,7670,8.572470224,9.376708499,5735705,100.8164084,-47520,1391583100,31.07354775,61.73450486,7.191947392,10.48014585,23.01580364,43.5,11353142,1.7,4.5,,810,69.425,28.18600082,34.75,61,72,36,23,25,,,11.75,25,28,19,11,,562,15.901,17542,,,17542,15.589,17449,14.79
Bosnia and Herzegovina,BIH,,1.8,,,,9,15.51900005,15.30000019,16.15399957,41.00899887,66.4960022,43.69100189,20.86551291,23.84334785,3.62354616,6065.672708,4.483914305,48467618797,15.17874676,,14580,3.177291106,12.72599303,1306483,104.1256346,-107926,2121660433,14.76621765,68.76346488,16.47031747,64.92048828,21.36259611,,3323929,,,417,5229,48.245,79.25800323,78.70300293,95,99,92,22,11,,,14.11,,,,35,,,21.616,7413,836,5419,1158,57.333,19057,77.61
Botswana,BWA,6774,46,,,,5.8,16.19000053,24.65800095,25.91200066,25.6989994,74.28099823,49.64400101,1.776521383,6.321060412,4.453584566,8258.641666,2.183074073,40572833197,37.03867071,,18000,3.681548741,7.836655578,1080713,150.0055899,14999,31587060.33,34.11294602,61.66317964,4.223874346,3.977424876,,,2254126,,,,2047,69.446,68.80400085,73.86100006,77,89,51,,,,166,8.84,,,,18,,317,5.269,1138,308,,830,54.03,12179,31.11
Brazil,BRA,832683,13.9,,,,10.4,4.098999977,13.01799965,27.90799952,26.68000031,85.42500305,60.30199814,14.91053848,18.28999562,1.11758735,8920.762105,0.328077907,3320000000000,14.42856924,,15850,8.627144284,2.299832525,106500376,98.84349987,106000,2933489276,21.33407191,69.74309026,8.922837832,25.06171624,11.93929493,22.3,209469333,1.7,4.4,,11327,86.569,73.00499725,63.0530014,88,93,60,49,52,,436590,6.78,,,,22,,43744,21.643,453351,,,453351,101.19,2119620,92.96
British Virgin Islands,VGB,,,,,,14.2,,,,,,,15.82108583,20.87779344,,,,,,,,,,,134.0648279,,,,,,198.68,,,29802,,,,1,47.723,,,,,,,,,,,,,,,,,,,,,,,,
Brunei Darussalam,BRN,11310,7.8,,,,13.3,0.513000011,1.991000056,6.035000056,20.93899918,90.45700073,77.06999969,11.52826701,19.25294256,0.052237791,31628.32879,-0.994788509,35252187280,54.14414708,2.7,82180,10.29621983,2.698503885,217318,131.9342228,0,,23.02646149,72.10039094,4.873147568,81.39696395,,,428962,,,,,77.629,91.56400299,90.85099792,,,,,,,,6.47,,,,27,113,27,16.09,683,,,683,58.974,2530,82.59
Bulgaria,BGR,11435,2.2,,,,6,4.100999832,8.373000145,7.793999791,36.9640007,73.65299988,54.6629982,27.0001679,15.88846119,3.081157234,9272.629304,3.840315458,157000000000,27.69784107,,22300,5.414947134,11.67296996,3292122,118.9396801,-24001,2395410000,14.59546532,64.38262025,21.02191443,64.70353721,24.1504015,,7025037,,,4030,19918,75.008,91.53099823,85.84400177,86,87,84,64,73,,,10.95,,,,68,,,40.332,29038,4517,24521,,48.156,31397,93.18
Burkina Faso,BFA,4270,56.3,3.666666667,3.7,3.4,7.3,17.1420002,31.375,86.41899872,33.69599915,49.14899826,34.9280014,0.069959364,0.388629381,6.832388103,715.122904,3.812912022,38940578794,,,1970,,,7468061,97.91227142,-125000,455650092.2,44.94808132,52.64493785,2.406980829,72.19128289,43.65461583,65.8,19751535,,,518,25122,29.358,9.711999893,15.33100033,19,39,11,,,,2749,11.16,12,23,8,4,699,,0.847,1626,888,738,,8.829,10376,6.78
Burundi,BDI,,55.8,2.666666667,3.5,2.3,5.1,95.98600006,87.71600342,94.58099747,2.635999918,3.625999928,9.647999763,0.03521135,0.222005993,1.609933082,271.7520444,-1.557407354,8330508692,4.323060933,,750,2.540609759,1.367914796,4983536,56.53470747,10003,48328631.78,45.50168075,52.25137879,2.24694046,435.178271,61.72640975,57.9,11175378,,,,71507,13.032,3.138999939,7.744999886,46,42,46,,,,548,13.19,6,20,4,8,1073,,1.001,1084,889,195,,8.526,9071,
Cabo Verde,CPV,1546,19.5,3.333333333,3.9,4,2.4,6.275000095,15.61200047,35.16800022,30.73500061,82.65399933,53.65299988,2.879358255,11.52699594,5.077550829,3635.40685,3.865935847,3957666044,34.69744769,,7280,7.221064687,53.58422554,238193,112.2407207,-6709,233492411.4,28.77776695,66.6129059,4.609327157,134.9297767,,,543767,,,,,65.732,51.73500061,68.64099884,74,80,62,,,,,11.73,,,,21,,,7.814,410,,,410,12.983,706,20.44
Cambodia,KHM,14387,25.6,4.166666667,3.4,2.6,6.4,34.40399933,30.32699966,50.27900171,30.51300049,38.2120018,39.15999985,1.022782322,0.54251156,7.497963508,1510.324871,5.90774125,66085615275,24.72009909,0.8,4070,4.938031213,26.24099505,9350757,119.4915172,-149999,1433190687,31.20141476,64.22990522,4.568680018,92.05641287,51.37027914,55.1,16249798,,,,,23.388,41.54499817,57.21099854,59,96,48,,,,1638,6.13,66,88,60,8,554,,1.927,2944,,376,2568,6.855,11140,10.94
Cameroon,CMR,5550,53.9,3.666666667,3.2,3,6,47.94499969,39.47399902,73.56200123,18.21199989,40.81299973,42.31499863,0.071330939,3.578059354,4.062405319,1533.74214,1.379191982,93424876351,17.46716347,,3700,10.86353934,8.669965926,11346288,73.19019901,-24000,333558920.3,42.63157984,54.6395428,2.728877355,53.34398891,25.71616516,37.8,25216237,,,1004,380329,56.374,14.24499989,31.34199905,39,56,18,,,,367,4.26,9,15,3,13,,1793,0.881,1842,1420,422,,0.058,,6.03
Canada,CAN,1475062.586,5.6,,,,7.6,0.904999971,1.94599998,10.69100039,29.51199913,90.70200348,68.54100037,38.96365923,37.33557257,1.896974756,46232.98962,0.471065971,1760000000000,19.72326867,,47590,5.778268056,4.034153847,20466131,89.58002255,1210159,1351563683,15.87025087,66.89774245,17.23200668,4.075308214,20.16051715,,37057765,,,47687.4,114109,81.411,87.92500305,81.82700348,99,99,99,82,82,82,,18.77,,,,27,,,23.105,84063,,,84063,99.438,368664,123.82
Cayman Islands,CYM,,,,,,6.8,,,,,,,,,,,,,,,,,,,,,,,,,267.3916667,,,64174,,,,34,100,,,,,,,,,,,,,,,,,,,,,,,,
Central African Republic,CAF,,63.7,3,2.4,2.4,6,81.31700134,73.95800018,91.37900162,7.69299984,15.99600029,18.34799957,0.013029405,0.046995865,3.789443593,475.7212505,2.224742848,4312284264,,,920,,,1915442,27.41449024,-200000,,44.29432055,52.87990574,2.825773707,7.490412212,44.08589783,93.3,4666377,,,,6655,41.364,3.838000059,10.5170002,,,,,,,1713,14.17,,,,10,,40,0.721,324,,38,286,2.063,322,2.99
Chad,TCD,,63.4,2.833333333,2.8,2.6,6,74.88300323,77.95999908,93.02399826,3.375999928,24.53899956,18.66399956,0.002157939,0.058380658,2.641330034,728.3432354,-0.415664166,29914265719,,,1930,,,5995275,45.12373876,10000,,47.12629999,50.39318107,2.480518944,12.29173364,37.06005719,88.2,15477751,,,,451210,23.059,1.088000059,11.48799992,8,30,2,,,,154,8.97,6,18,2,4,111,195,0.434,651,,,651,2.322,3487,3.52
Channel Islands,CHI,,,,,,3.9,2.085999966,4.774000168,10.04399961,33.35300064,87.45400238,61.8730011,,,,,,,,,,,,84971,,6754,,15.18835888,67.51417897,17.29746216,861.1060938,,,170499,,,,,30.914,89.74299622,81.90699768,,,,,,,,,,,,,,,,,,,,,,
Chile,CHL,134661,8.1,,,,8.6,4.958000183,11.92599964,22.69400036,30.91600037,85.00299835,57.15800095,17.35624022,16.00281059,4.024652965,15923.35874,2.587676494,453000000000,19.50714542,,24190,3.628354964,4.633421786,9558222,134.4373213,558539,66095534.58,19.75390247,68.71629587,11.52980166,25.18944607,40.73396454,,18729160,,,,2033,87.564,74.60700226,71.92700195,100,100,100,77,81,,,15.88,,,,22,29,,25.912,48531,25041,23490,,133.248,236427,11.78
China,CHN,4692008,3.8,,,,9.2,22.63500023,27.50499916,45.37799931,30.4810009,52.06900024,42.01399994,28.53518942,13.4546491,6.56697386,9770.847088,6.082241155,25300000000000,46.25249164,,18170,10.88443512,1.523419605,780839528,115.5258122,-1741996,24305605211,17.87700275,71.20211371,10.92088354,148.3488333,3.105277906,25.2,1392730000,,,67515,321756,59.152,50.4090004,55.48500061,85,91,76,72,84,56,1126443,10.43,,,,42,,230572,19.798,2828999,,,2828999,26.621,3804021,59.67
Colombia,COL,358847,10.1,,,,7.4,7.732999802,22.91699982,47.05699992,23.73699951,77.55000305,53.34500122,13.44825224,14.04233958,2.569220988,6667.7907,1.024714856,719000000000,15.06132281,,14480,8.939812879,12.25089981,26788369,129.9086097,1023981,6364341387,23.07789598,68.444057,8.47804702,44.74870212,26.36666827,13.1,49648685,1.7,4.1,,310,80.778,51.17499924,47.11299896,90,93,76,17,16,,,18.14,65,73,35,15,,,21.848,108499,,,108499,13.309,66095,29.01
Comoros,COM,,47.4,2.833333333,2.8,2.6,12.3,55.69800186,46.52500153,63.70999908,15.36900043,34.50400162,38.10599899,0.183943234,1.239904748,3.430764136,1415.263622,1.140509904,2438908249,12.80503675,,2930,12.83693475,50.43511597,223763,59.94110452,-10000,162631155.3,39.53842383,57.45456686,3.007009306,447.2444775,,69.6,832322,,,,,28.965,17.82999992,41.07600021,36,45,32,,,,,8.66,,,,22,,86,2.715,216,216,,,6.285,,
"Congo, Rep.",COG,8439,55.5,2.666666667,2.8,2.5,6,33.58300018,34.64799881,75.97800112,22.5529995,45.29499817,42.79800034,,,1.025554207,2147.769461,-1.549244028,26541515900,,,5060,,,2184140,95.34053637,-20000,,41.76350246,55.554778,2.681719539,15.35684627,63.53636234,46.9,5244363,,,,37494,66.916,8.772000313,36.39199829,20,27,6,,,,,8.71,48,56,32,16,280,54,1.645,723,,200,523,6.271,3289,10.48
Cook Islands,COK,,,,,,,,,,,,,,,,,,,,,,,,,,,,,,,,,,,,,,,,,,98,,,,,,9,6.12,,,,63,10,,14.124,25,,,25,67.429,118,69.47
Costa Rica,CRI,39730,6.4,,,,9.1,4.221000195,16.88400078,21.05600035,25.11000061,84.8710022,58.00600052,16.69754679,15.48779154,2.633984968,12027.36588,1.618061785,83474844127,14.74229206,1.2,16700,5.909417906,19.39734749,2474024,169.9306983,21000,533509663.1,21.32474411,69.12540822,9.549847673,97.91306306,34.22982053,5.5,4999441,0.5,1.4,,4547,79.34,77.05599976,73.54399872,98,98,96,,,,1357,23.34,,,,12,9,,28.939,14468,8542,5926,,34.144,17070,19.45
Cote d'Ivoire,CIV,15188,52.4,3.666666667,3.4,3.3,2.4,31.05900002,46.4469986,71.18599892,14.9829998,58.32500076,38.56999969,0.701728773,1.206251648,7.433071625,1715.531332,4.725692099,101000000000,,,4020,,,8536685,134.8579514,-40000,325292800,41.93697214,55.20408485,2.858943015,78.83405346,38.6552483,56,25069229,,,,1810,50.779,17.34300041,34.30199814,32,46,18,,,,,7.35,19,28,10,4,2380,1600,2.314,5240,,,5240,6.048,15163,6.22
Croatia,HRV,27189,2.3,,,,5.4,4.696000099,7.02699995,7.271000266,37.98500061,80.30400085,54.98899841,27.12899729,32.61621521,2.630785623,14909.69319,3.512460717,111000000000,24.20712845,5.6,27180,5.646413932,38.5868736,1780110,105.5834549,-40004,2884256726,14.51194001,65.04262698,20.44543301,73.077198,29.43961051,,4087843,,,2605,787,56.947,90.1289978,86.21900177,97,98,95,58,64,,,13.99,,,,56,,,29.996,12624,,,12624,81.224,34184,96.38
Cuba,CUB,8733.666,8.4,,,,9.6,7.321000099,23.86800003,23.0979991,21.03700066,82.46299744,55.09500122,0.871730745,12.74001524,2.248480393,8821.818891,2.258589685,,,,,,,5098232,47.39153727,-72000,,16.21123899,68.60254959,15.18621142,108.9995962,24.45993565,,11338138,,,,287,77.037,87.29100037,64.57800293,93,92,95,44,42,,,18.01,85,88,76,52,,6015,84.218,95487,,,95487,75.614,85732,154.96
Curacao,CUW,,,,,,11.6,,,,,,,31.84968541,36.13166044,-2.166132047,19567.89244,-1.966607239,,,,,18.93502005,31.56791642,,114.5239383,2573,155284916.2,18.88394613,64.43115906,16.68489481,,,,159800,,,,102,89.145,,,,,,,,,,,,,,,,,,,,,,,,
Cyprus,CYP,5456,4.1,,,,9,0.953999996,3.010999918,11.06000042,25.02899933,92.83200073,71.95999908,36.27192779,36.05172414,4.060191762,28689.69858,2.745155679,34697802147,21.79290067,,39880,8.618099775,18.92324032,629329,138.900486,25000,497777154.9,16.78784796,69.49309027,13.71906177,128.7083333,,,1189265,,,,11014,66.81,89.9260025,84.10900116,99,100,98,75,86,,,7.58,,,,34,22,312,19.509,2283,,,2283,52.512,6145,66.14
Czech Republic,CZE,50694,5.4,,,,7,1.682999969,3.549000025,13.68100014,48.23199844,74.65699768,48.21900177,30.21688169,14.1757715,2.957784473,23078.57349,2.65491944,399000000000,26.20954293,6.5,37530,3.44022043,4.312270592,5424875,119.1135078,110057,3913327762,15.58660552,64.99251759,19.42087689,137.6028879,16.47195932,,10629928,,,9406,2186,73.792,87.71499634,79.57299805,99,99,99,94,98,85,,14.91,,,,65,,,41.208,43951,,,43951,83.955,85372,120.93
Democratic People's Republic of Korea,PRK,460,9.5,,,,6.4,59.77600098,43.66999817,87.81299973,19.3409996,33.35300064,36.98899841,,,,,,,,,,,,16503176,,-27013,,20.2021135,70.46336609,9.33452041,212.1901752,19.20863894,,25549819,,,,,61.899,5.704999924,14.60599995,83,90,72,,,5,,,,,,143,,,36.834,93667,,80553,13114,44.489,105125,75.34
Democratic Republic of the Congo,COD,18612.19624,61.7,3.166666667,3.1,2.5,6,72.65000153,58.56000137,79.67399788,15.70899963,23.86400032,25.73200035,0.005495545,0,5.757932738,561.7771824,2.399910664,75581872085,21.12045046,,900,0.646996732,0.376205306,29741467,43.38221502,119303,1822706176,46.16564209,50.81651729,3.017840622,37.08259236,35.23924133,74.8,84068091,,,3641,529061,44.46,8.722000122,27.46299934,20,23,18,,,,,11.06,4,7,2,8,,2126,0.74,5832,5832,,,11.101,93326,10.53
Denmark,DNK,,6.5,,,,8.3,0.944000006,3.298000097,4.89500007,27.32699966,90.48600006,69.375,44.05932693,19.6634077,2.391329685,61350.34791,1.817932898,327000000000,28.72260869,2.5,56410,5.941477729,4.597754373,3026283,125.118956,75998,1375504605,16.45826256,63.7287848,19.81295264,138.0673017,25.92677362,,5793636,,,,36631,87.874,94.85900116,89.36699677,100,100,100,95,,,,16.77,,,,25,,,40.099,22902,4582,10083,8237,103.195,56991,206.69
Djibouti,DJI,,45.2,3,3.1,3,5.1,31.01199913,34.51399994,44.74099922,16.74399948,61.48600006,48.74200058,2.660067597,3.843374286,5.460190759,3082.543099,3.82998552,,,,,,,415074,41.19590415,4501,58960000,29.57411596,65.89830466,4.527579378,41.36842105,75.29494422,65.6,958920,,,,18295,77.777,44.76300049,58.25999832,64,76,19,36,41,19,,14.14,,,,14,3,56,2.237,201,,,201,7.288,488,7.86
Dominica,DMA,,,3.5,3.4,3.7,11.6,,,,,,,16.07539267,3.713787086,2.264570234,7691.345097,2.026131376,735429003,,,10270,6.953634955,68.53800685,,105.7884817,,49178680.74,,,,95.5,,,71625,,,,,70.483,,,,,,,,,,10.47,,,,,,,11.189,80,,,80,64.385,461,
Dominican Republic,DOM,,15.8,,,,8.6,1.279999971,14.02900028,40.39999998,26.63800049,89.33699799,59.33300018,7.478850615,12.01872639,6.982527584,8050.631602,5.834559566,180000000000,23.47957223,,16950,4.053813635,37.44607933,4993882,84.10208352,-150000,6814200000,27.9771295,64.94005302,7.082817476,219.9785759,36.8175557,12.1,10627165,0.1,0.4,,170,81.074,69.51599884,47.5719986,84,86,74,,,,,17.36,55,58,42,16,,,15.268,14983,,,14983,13.802,14668,28.28
Ecuador,ECU,53033,15.1,,,,5.5,26.36100006,31.13299942,46.72800159,23.50399971,62.94200134,45.36299896,11.43506241,13.81720636,1.37712703,6344.871979,-0.397089903,195000000000,25.25100889,,11420,4.068495049,7.614861085,8545573,92.32327021,182000,3039078509,28.028592,64.81411827,7.157289727,68.78868175,26.58614871,36,17084357,1,3.3,,101564,63.821,41.42100143,56.2820015,88,91,83,42,33,57,1054,10.23,81,84,75,15,,4140,20.368,33589,,,33589,25.059,42811,37.5
"Egypt, Arab Rep.",EGY,104473,10.2,,,,17.2,35.48400116,20.75900078,20.72099972,33.03900146,57.49700165,46.20199966,6.685146788,7.991260389,5.314121037,2549.132252,3.194431298,1190000000000,13.85810776,,12100,3.795456719,24.61085109,30828442,95.28659682,-190164,25515700000,33.79872071,60.97149994,5.229779346,98.87346929,47.76496347,10.6,98423595,,,,246749,42.704,64.89099884,69.7460022,94,98,91,61,71,,963,5.59,90,93,88,16,15234,2349,4.521,44502,,43317,1185,19.262,189579,22.48
El Salvador,SLV,27601,10.8,,,,8.8,3.359999895,25.71199989,34.19100094,25.56500053,79.21099854,48.72299957,7.666788252,14.3757283,2.538949798,4058.252439,2.017978144,50474288600,15.67109798,,7860,3.867898201,18.18771605,2789969,146.9221022,-202694,5388142174,27.13208091,64.58082908,8.287090005,309.8814672,23.93164796,,6420744,0.3,1.5,,48,72.023,54.19300079,66.47799683,87,91,79,,,,5419,16.69,91,92,86,13,,2049,15.662,9955,6071,3884,,18.344,11778,24.1
Equatorial Guinea,GNQ,19549.22085,53.4,,,,6,42.72200012,42.14500046,77.29000092,23.98600006,46.66400146,33.86899948,0.123760958,0.828740045,-6.128749289,10261.76001,-9.497352683,22852131754,,,17460,,,529818,45.16686721,79998,,37.11659887,60.42552379,2.457877347,46.66573975,39.80544998,66.2,1308974,,,,,72.143,8.366999626,17.3409996,66,70,57,,,,308,6.96,,,,21,3,80,4.017,507,,,507,5.024,634,
Eritrea,ERI,919,42.9,1.333333333,2.6,2.6,5.1,65.92500305,57.16999817,86.38299942,11.78100014,29.51199913,31.04899979,,,,,,,,,,,,,,-199290,,,,,,,,,,,,2252,,6.980999947,18.38899994,,,,,,,,3.6,,,,7,17,183,0.628,212,212,,,14.397,4971,
Estonia,EST,790,2.8,,,,4.2,1.588000059,4.668000221,6.148999959,41.13199997,81.33899689,54.20000076,33.34797267,26.1308318,4.761158469,23266.34627,4.483568571,46189738291,28.24142441,5,34970,7.597745868,10.22280035,699160,145.4384241,19555,566495675.1,16.35707375,64.01656941,19.62635685,30.38610536,48.0341824,,1321977,,,,325,68.88,93.25299835,85.82099915,99,99,99,97,99,94,,13.54,,,,50,,,44.833,5931,1142,4789,,111.558,13786,97.97
Eswatini,SWZ,,53.7,,,,4.5,10.43999958,14.24100018,32.63699913,24.93000031,67.05500031,60.82899857,,,2.35100982,4145.974112,1.320645339,12086620030,22.25410141,,10640,2.080879973,0.863933574,374886,,-41764,125680415.4,38.11249154,57.87292052,4.014587941,66.05761628,,32.7,1136191,,,,879,23.799,58.77500153,70.82900238,58,51,61,,,,4000,16.58,24,48,17,21,,41,3.285,366,259,,107,41.415,4706,15.33
Ethiopia,ETH,110971,49,3.5,3.8,3.5,4.3,58.06100082,73.05599976,85.97100067,10.58100033,32.19900131,16.36300087,,,6.810169391,772.3135303,4.048070239,219000000000,33.16840941,0.3,2010,3.07443229,46.53522828,53195087,,150002,436325463.1,40.78298191,55.7158851,3.501132998,109.224559,19.40037379,73.9,109224559,,,,903226,20.763,10.74600029,15.79800034,7,20,4,,,4,30950,15.75,8,23,4,3,,2823,0.769,8395,5867,2528,,7.135,61772,2.77
Faroe Islands,FRO,,,,,,4.7,,,,,,,37.48891684,35.44136751,,,,,,,,,,,117.1041508,,158410000,,,,34.73996983,,,48497,,,,,42.064,,,,,,,,,,,,,,,,,,,,,,,,
Fiji,FJI,24134,10.1,,,,14.7,34.57500076,37.07699966,43.14100075,15.71899986,57.03499985,47.20399857,1.475184016,8.661400389,3.526209372,6266.967965,2.820319292,8959585628,,,10140,5.169601653,51.32404035,362574,,-31008,284669971.1,29.5126222,65.03769739,5.449680413,48.35703339,,,883483,,,,4,56.248,51.46099854,57.74599838,95,95,95,,,,,9.25,,,,23,177,,8.6,747,,,747,33.752,2982,37.75
Finland,FIN,125804,1.3,,,,5.6,1.980999947,5.116000175,9.585000366,34.62599945,89.22399902,60.25799942,31.45271337,5.848719873,1.671438881,50152.34014,1.490208143,268000000000,23.89923149,4.4,48580,6.665183493,5.279073157,2745494,129.4685668,70000,949728778.9,16.14518297,62.13402948,21.72078755,18.15685565,27.14883684,,5515525,,,5926,22295,85.382,90.80899811,83.16899872,99,99,99,99,99,,,12.35,,,,44,,6822,38.118,20956,,,20956,147.374,81022,182.27
France,FRA,597412,6,,,,4.8,1.355999947,3.450000048,7.428000182,29.93899918,89.18499756,66.61100006,44.77576734,59.42405961,1.724880627,41463.64402,1.539463118,3110000000000,22.89942448,,46360,6.188402499,8.077529006,30454910,108.357357,182636,27010261605,17.95646444,62.00891081,20.03462475,122.3383957,20.22919758,,66977107,,,28241,368352,80.444,91.65299988,85.30200195,99,99,99,88,,,,15.69,,,,65,,,32.672,212337,94923,117414,,114.707,722572,137.98
French Polynesia,PYF,,,,,,19.5,3.792999983,9.213999748,12.59999955,21.95000076,91.17199707,68.83599854,21.5320568,32.51164114,,,,,,,,,,117018,109.0010408,-5000,581559968,22.76189413,68.94759777,8.290508105,75.86857923,,,277679,,,,,61.834,86.94200134,80.75800323,,,,,,,,,,,,,,,,,,,,,,
Gabon,GAB,,49.9,,,,6,47.95100021,24.36100006,31.46399963,15.20199966,49.23600006,60.43700027,1.373063902,1.029503014,0.835804969,7952.525893,-1.755039188,35395915103,,,16700,,,722017,138.2809687,16301,18460000,37.0258697,59.41022284,3.563907468,8.224764233,42.95093548,37,2119275,,,810,687,89.37,59.4640007,69.90599823,47,49,37,,,,,7.38,,,,13,,442,6.819,1408,570,838,,29.46,5350,33.03
"Gambia, The",GMB,625,54.8,2.333333333,3.4,3,1.9,32.88899994,22.86199951,72.05099964,24.31599998,63.11600113,52.8219986,0.194421809,1.929745002,6.547026565,716.118489,3.453188862,5849125142,8.579863187,,2570,1.674322771,48.2694865,779341,139.5290282,-15436,203603173.2,44.26874506,53.141274,2.589980939,225.3065217,31.29243861,34.8,2280102,,,,4034,61.27,15.72900009,34.37799835,39,45,30,,,,1150,15.31,8,12,1,11,11,141,1.021,213,,,213,15.447,2372,17.25
Georgia,GEO,7108,2.7,,,,5.8,44.14799881,39.85800171,49.08399963,20.74600029,50.14300156,39.39599991,20.99962977,15.09759572,4.8,4717.143026,4.715845403,42913436786,21.04580688,,11500,8.914812777,39.54311864,2032818,136.380667,-50000,2034288456,19.7952406,65.33926797,14.86549143,65.27520207,49.24815776,,3726549,1.2,4.5,,1991,58.632,49.37200165,48.56700134,90,95,83,27,16,,,5,,,,26,,,71.201,28501,6155,22346,,47.293,18440,87.47
Germany,DEU,922648.6435,4.8,,,,10.4,0.81099999,1.557000041,5.620000124,38.64099884,85.49700165,59.80199814,41.11294951,51.12817752,1.527446298,47603.02763,1.195762891,4520000000000,29.33518199,,54560,6.386739944,3.222850535,43406284,129.3242137,2719112,18031927237,13.6210301,64.9170079,21.461962,237.3709698,5.540389594,,82905782,,,33440,1063837,77.312,92.76899719,87.88500214,99,99,99,97,99,92,,19.65,,,,83,,,42.488,351195,82290,268905,,132.352,1070000,179.84
Ghana,GHA,14373,47.5,3.333333333,3.7,3.6,2.5,22.04100037,35.52600098,68.70099831,20.1609993,54.31900024,44.31299973,0.20935864,0.93519013,6.263480732,2202.312164,3.958667147,139000000000,20.96922926,,4650,5.723535957,4.42376537,12916874,137.5171658,-50000,3520561672,37.59606159,59.33504041,3.068898007,130.8214292,18.36541624,37.9,29767108,,,,11899,56.06,17.28100014,32.89500046,18,24,12,,,,15456,6.82,41,45,37,9,,3987,1.359,3957,3041,855,61,42.001,125024,10.21
Gibraltar,GIB,,,,,,,,,,,,,57.03778397,52.40820927,,,,,,,,,,,121.7302331,,,,,,3371.8,,,33718,,,,,100,,,,,,,,,,,,,,,,,,,,,,,,
Greece,GRC,144040,10.9,,,,4.7,11.33100033,12.43900013,25.79600072,20.49600029,80.97799683,67.06500244,37.6522655,48.26044744,1.934370827,20324.25356,2.191029524,318000000000,12.94575534,4.3,29670,4.55695193,26.37669659,4767741,115.6669118,-80000,489699591.4,14.07124487,64.27348306,21.65527208,83.22473235,37.20752546,,10731726,,,2293,61460,79.058,71.71600342,63.05199814,99,99,98,90,97,,260,9.98,,,,43,,6190,54.789,57909,4651,53258,,36.331,35592,96.47
Greenland,GRL,,,,,,2.1,,,,,,,23.32225444,14.24934587,3.218027331,,3.487011391,,,,,,,,110.55972,,,,,,0.136496528,,,56025,,,,,86.816,,,,,,,,,,,,,,,,13,,,,,,,,
Grenada,GRD,,11.9,3.166666667,3.8,3.5,10.7,,,,,,,,,4.17721519,10640.49676,3.635083146,1571358313,,,14100,6.359555894,84.33831219,,,-1000,48455938.36,23.56128986,66.81680334,9.621906796,327.8058824,,,111454,,,,2,36.272,,,91,,,,,,45,9.21,,,,37,,,14.067,156,,,156,62.837,700,45.23
Guam,GUM,,,,,,18.7,0.075000003,0.345999986,9.171999991,21.76600075,96.42299652,77.88700104,,,-0.26835346,35712.56214,-1.162983053,,,,,,,81798,,-2532,,24.46370832,65.68638097,9.849910719,306.9777778,,,165768,,,,,94.78,91.36100006,84.91100311,,,,,,,,,,,,,,,,,,,,,,
Guatemala,GTM,3205,25.1,,,,10,9.901000023,42.00899887,37.54300117,19.39500046,73.29699707,38.59700012,,14.12403947,3.145043317,4549.010081,1.154413801,143000000000,13.40755544,,8310,5.134500085,11.13118021,7250681,118.6670871,-46073,9437674500,34.43539539,60.7525321,4.812072508,160.9537794,32.3779554,34.5,17247807,,,,390,51.054,50.26499939,64.23500061,65,79,51,,,,,17.83,77,83,70,6,127,399,3.549,6122,,,6122,0.737,1271,17.61
Guinea,GIN,,55.7,3.5,3.3,2.9,2.4,63.22000122,59.94400024,89.37400246,11.12300014,34.70800018,28.93300056,0.009770995,0,6.163853325,878.5996133,3.19829413,30577798935,3.149667676,,2460,9.936250355,0.188629788,4443986,96.76749212,-20000,28430000,43.85017334,53.22380421,2.926022448,50.52221227,41.08116843,43.3,12414318,,,,4294,36.14,3.197000027,14.93599987,23,34,17,,,,6700,9,17,26,13,3,,209,0.832,977,,,977,1.238,1010,4.43
Guinea-Bissau,GNB,,62.1,2.666666667,2.3,2,2.4,70.67900085,65.80500031,75.73999786,9.597000122,25.14299965,24.59799957,0.064237212,0,3.799999992,777.9699218,1.243474147,3367258480,8.822332023,,1800,16.25597573,5.259808956,799520,78.9888828,-6996,127921034.9,42.33915221,54.83713146,2.823716336,66.65394737,68.70911776,82.3,1874309,,,,4850,43.36,14.73999977,30.32600021,21,37,8,,,,2355,7.79,6,9,5,10,158,16,1.274,227,197,30,,6.851,1284,7.3
Guyana,GUY,1931,20,3.5,3.2,3.2,11.6,8.977000237,22.07699966,25.5129993,31.70599937,82.87799835,46.21699905,,,4.10000155,4979.002188,3.594471019,6559420962,35.30914293,,8420,2.633623999,1.753060451,317434,,-30001,333692746,28.2145452,65.33518355,6.450271243,3.957348235,,33.1,779004,,,,23,26.606,67.51300049,67.56300354,86,92,84,,,,245,9.45,77,75,78,16,,21,8.023,625,,,625,10.398,731,7.43
Haiti,HTI,,30.3,3,2.6,2.5,6.7,12.95600033,41.89300156,72.26900101,10.73400021,85.15899658,47.37400055,0.279596353,0.05324018,1.483879788,868.3420247,0.199179707,20876532279,24.36102115,,1880,10.56252868,34.86317107,5080454,57.52891844,-175000,3142260453,33.24224426,61.80835189,4.949403848,403.5985486,42.88347608,74.4,11123176,,,,8,55.278,18.02899933,34.68000031,35,44,24,,,,,6.14,23,29,16,7,,1731,2.343,2606,,,2606,6.798,7364,
Honduras,HND,14832,14,3.666666667,3.7,3.1,7.3,9.998000145,42.4469986,41.38999939,21.29400063,72.22399902,36.25899887,3.701279642,5.548920774,3.745584746,2500.113213,2.030375238,45956016905,20.80767854,,4790,4.463811831,10.2277039,4614534,79.15031642,-34000,4776545983,31.74088153,63.56850081,4.690617659,85.68703191,24.89985554,27.5,9587522,6.6,16.5,,27,57.096,41.66799927,52.89199829,81,85,76,,35,,7114,15.4,,,,7,,,3.089,2913,1548,1365,,7.357,7054,15.23
"Hong Kong SAR, China",HKG,245146,,,,,4.5,0.114,0.226999998,5.717000008,19.16799927,95.97200012,80.60500336,36.82553485,56.92098056,3.002475556,48675.61646,2.182713538,505000000000,26.01205422,,67810,3.881727889,6.131523971,3954606,269.9753789,146542,424573814.6,11.90089708,71.2240546,16.87504833,7096.190476,99.70322104,,7451000,,,,141,100,94.86199951,88.29299927,,,,,,,,,,,,,,,,,,,,,,
Hungary,HUN,183541,1.8,,,,6.9,2.614000082,6.441999912,6.024000153,43.27399826,77.36699677,50.2840004,31.7234027,31.07780902,5.094002564,16161.98051,5.300354538,292000000000,26.61999214,,29860,2.578592193,7.150349794,4702655,103.4451716,29999,4234529335,14.41199221,66.4302824,19.15772538,107.9066055,25.24340306,,9775564,,,7082,6040,71.351,91.9940033,87.73799896,98,98,99,96,95,98,,10.14,,,,70,,,34.075,33078,7096,25903,79,69.157,64695,97.26
Iceland,ISL,54653.30259,4.4,,,,5.8,1.29400003,6.304999828,8.107999831,24.80599976,91.6210022,68.88899994,40.5556067,40.60223395,4.61147603,73191.11632,1.601307982,19514871807,21.21409519,,55190,15.96196884,25.55029209,214594,126.137096,1900,168887014.1,19.83232011,65.37258734,14.79509256,3.526922693,,,352721,,,,573,93.813,91.59300232,84.58300018,99,99,100,82,,,,15.73,,,,32,299,,40.778,1373,218,802,353,162.132,5174,190.76
India,IND,1200111.363,26,,,,10.4,54.53900146,39.32699966,74.26999855,27.58300018,27.85700035,33.09000015,1.343296766,1.616701793,6.811369326,2009.978857,5.709116885,10400000000000,30.94069772,,7680,4.011135266,5.42657307,494261397,86.94256319,-2663434,78790170929,27.05330185,66.7667425,6.179955649,454.9380726,6.194644752,24,1352617328,,,68443,195891,34.03,23.38800049,23.79700089,60,72,53,,,39,970676,5.05,60,80,49,7,500000,,8.571,1159309,,,1159309,17.271,2336204,28.52
Indonesia,IDN,959307.381,20.7,,,,6.3,26.49500084,30.02400017,47.8949995,25.97500038,56.47800064,44.00099945,3.315312884,3.102138512,5.171270328,3893.596078,3.985604226,3390000000000,31.62599734,1.2,12670,5.377956136,7.473858707,134776692,119.3387219,-494777,11215344812,26.55119731,67.59163708,5.857165613,147.7521901,7.101962764,21.8,267663435,0.7,4.6,,10793,55.325,41.29399872,53.19599915,73,80,65,,,,,5.73,64,72,55,12,164,25215,4.269,114271,59847,53671,753,24.149,409950,15.54
"Iran, Islamic Rep.",IRN,228803.6158,7.9,,,,9.6,20.79299927,17.32699966,41.42499971,31.89800072,54.66199875,50.77500153,11.98789788,37.26364785,,,,,,,,,,27903119,108.4623938,-274998,1330000000,24.47655866,69.33886753,6.184573806,50.22242012,14.52002076,,81800269,,,9306,979435,74.898,56.69800186,54.35400009,88,92,79,,,,25242,17.53,,,,15,,7930,15.844,129604,86300,43304,,4.427,,30.42
Iraq,IRQ,21071,16.8,,,,8.8,17.48999977,18.17300034,19.79299974,23.70400047,71.65399933,58.12400055,11.68854336,7.038185338,-0.562745503,5834.166211,-2.841642694,661000000000,20.0769819,,17210,13.81074618,2.160322939,10475789,95.04015497,39171,741700000,38.3865654,58.28983494,3.323599663,88.53057004,25.14999735,47.2,38433600,,,,283022,70.473,90.51799774,76.03700256,94,97,88,41,39,45,,6.46,95,96,90,14,,85,7.079,27208,5521,,21687,20.448,78588,26.64
Ireland,IRL,935961,5.1,,,,3.2,1.394000053,7.360000134,10.6099996,27.50600052,90.25900269,65.13400269,29.6794357,37.95981895,8.169870933,78806.432,7.142041132,325000000000,36.62121392,,67050,2.171366026,3.135666411,2394545,103.1710486,118020,623629069,21.40641959,64.72777871,13.8658017,70.45298302,39.18596459,,4867309,,,,6041,63.17,92.18000031,79.09300232,91,89,94,82,88,72,,13.44,,,,28,,,33.125,15962,8985,6977,,160.996,58475,151.98
Isle of Man,IMN,,,,,,,,,,,,,,,,,,,,,,,,,,,,,,,147.5035088,,,84077,,,,,52.588,,,,,,,,,,,,,,,,,,,,,,,,
Israel,ISR,53901,10,,,,9.7,0.495000005,1.312000036,8.267999947,25.29700089,91.72799683,73.39099884,28.75374813,38.17925063,3.453702518,41715.02928,1.468194483,355000000000,24.38548693,,39940,9.102128397,7.421926354,4164651,127.6618693,50002,939600000,27.92524646,60.09776752,11.97698602,410.5268022,48.85340606,,8882800,,,1521,18569,92.418,90.73300171,84.85800171,100,100,100,94,94,92,,11.57,,,,31,,,46.249,38764,,,38764,3.303,,86.47
Italy,ITA,256596,4.9,,,,5,2.322999954,4.676000118,16.86599994,35.3219986,84.78399658,60.0019989,28.13997577,33.64260989,0.774340013,34483.204,0.950146897,2560000000000,20.76051833,,42290,6.238595507,7.867446266,25964342,137.466947,744713,9949656789,13.32911609,63.91920431,22.7516796,205.4507479,9.889705275,,60421760,,,,189243,70.438,83.08699799,72.70600128,99,99,99,96,96,96,,13.65,,,,34,,,39.774,241136,53742,187394,,57.401,332182,97.39
Jamaica,JAM,1215.272,11.2,,,,11.3,8.557999611,21.85300064,35.77300012,24.33200073,85.43399811,53.81499863,9.702584155,12.39655764,1.940878147,5354.236859,1.454524928,26124741589,21.27241571,,8900,6.327323366,53.37590131,1488294,101.0265271,-56658,2501614919,23.75009668,67.45326077,8.796642551,270.9930748,36.05267233,,2934855,,,,15,55.674,66.95600128,55.6609993,87,86,90,,,,893,8.08,,,,17,,130,13.061,3815,,,3815,8.068,2368,21.37
Japan,JPN,999594,12.7,,,,5.6,2.941999912,3.802999973,8.306999922,32.37099838,83.06199646,63.82600021,32.62230968,49.94073766,0.788455876,39289.95843,0.992931322,5620000000000,28.00224122,,44380,3.03615915,4.871737679,68048596,141.4069924,357800,4365520653,12.69684881,59.72678128,27.57636991,347.0734584,32.32230081,,126529100,,,16851.7,1895,91.616,91.36599731,88.54599762,100,,,99,,,,20.28,,,,134,,,24.115,308105,,,308105,121.531,1545907,136.08
Jordan,JOR,36127,10.7,,,,12.7,0.952000022,3.499000072,9.201999754,26.73500061,85.94599915,69.76599884,4.009867021,3.704297244,1.940292205,4241.788782,0.129635568,93926407709,10.83209768,1.4,9430,6.559185694,41.32626615,2637759,87.62148885,51099,4470140845,34.24549021,61.90801939,3.846490398,112.1424983,22.79321682,12.9,9956011,,,,2950529,90.979,96.63600159,82.71800232,97,97,96,81,83,,,13.68,,,,14,2000,2350,23.237,22739,,,22739,28.212,28114,65.4
Kazakhstan,KAZ,83287,4.5,,,,6.1,14.29399967,17.17700005,23.15400092,28.87100029,74.47299957,53.95199966,13.44405762,18.29132027,4.1,9812.601137,2.740272171,447000000000,30.238284,,24450,6.169829692,3.951820015,9031232,142.2824428,-90000,618039381,28.46054978,64.14760395,7.391846271,6.769825907,17.42601918,,18272430,,,16060.8,574,57.428,76.27500153,74.5719986,98,97,99,,91,,,10.9,99,99,99,67,,,39.8,68864,6243,62621,,72.936,118693,116.83
Kenya,KEN,137602.1784,63.3,4,3.7,3.4,3.1,60.5320015,48.59700012,51.30000019,12.40499973,37.46699905,38.9980011,0.722863317,0.127730538,6.319781364,1710.510097,3.896152981,177000000000,,,3440,,,23878817,96.32021675,-50000,2718738698,39.78216693,57.87864645,2.339186612,90.29941666,31.57213557,56,51393010,,,,421248,27.03,40.13600159,56.4129982,29,35,27,,,,58079,12.8,25,32,22,14,6000,,1.565,8042,5602,2440,,11.656,59901,17.86
Kiribati,KIR,5005,28.7,2.666666667,3,3.2,22.5,,,,,,,0.763075436,0,2.001036031,1625.2861,0.513904299,511451340,,1.9,4410,,,,50.78940326,-3999,17960000,35.53997946,60.50739337,3.952627172,143.0209877,,,115847,,,,,54.057,,,48,,,,,,,5.81,,,,19,,20,2.039,22,,,22,38.342,444,48.18
Kosovo,XKX,,,3.5,3.3,3.3,,,,,,,,,,3.813313541,4302.276483,2.991943369,21293206591,20.71827389,,11540,,,,,,1235727932,,,,,,,1845300,,,,,,,,,,,,,,,,,,,,,,,,,,,,,
Kuwait,KWT,46450,14.8,,,,12.2,0.028999999,2.644000053,1.083000006,31.09799957,96.62000275,66.25800323,2.509382904,12.4607958,1.246015947,33994.40657,-0.741360739,349000000000,43.17410269,,84250,20.99266262,1.078652452,2424534,171.6053322,197600,27716388.99,21.53888805,75.91063957,2.550472384,232.1722222,72.25155288,,4137309,,,,673,100,99.39800262,97.85099792,100,,,100,,,,5.77,,,,20,,,26.463,10150,,,10150,74.145,30676,96.55
Kyrgyzstan,KGZ,16344.37197,9.6,3.666666667,3.8,3.2,6.1,20.20700073,21.76300049,33.78899908,30.18099976,65.71299744,48.05599976,5.641470615,5.252830332,3.5,1281.363661,1.572833212,23904185741,28.10115737,,3780,8.260840764,18.72966873,2586494,138.5660601,-20000,2688570122,32.35041711,63.15485491,4.494727976,32.92909281,43.39640639,,6322800,0.1,0.9,,333,36.351,71.10199738,60.64400101,97,92,99,,,,,11.92,89,93,87,45,,,22.13,12934,,,12934,59.445,32440,81.08
Lao PDR,LAO,10172.84292,31.4,3,3.5,3.1,6.4,64.27999878,60.63199997,80.05400085,14.83600044,26.88199997,24.53199959,0.642624867,20.99093012,6.247960008,2542.486528,4.61588222,50083273955,,,7090,12.96768479,12.17797745,3809128,51.86337704,-73518,238674068.2,32.60391868,63.32093135,4.075149964,30.59578423,26.89341009,31.4,7061507,,,,,35.004,12.49100018,26.02199936,74,95,64,58,62,56,,3.44,50,67,41,15,636,,3.726,2591,,,2591,9.522,6724,14.5
Latvia,LVA,54356,2.7,,,,5,3.90899992,9.640999794,7.142999858,34.76300049,83.2009964,55.59600067,27.27540487,13.80449364,4.62077695,17860.6172,5.473690576,57379060710,22.81318939,,29780,3.680590429,5.013652201,985032,107.3489247,-74186,1237349320,15.99577694,63.96060274,20.04362032,30.98330653,48.5296134,,1927174,,,1859.6,670,68.142,90.41000366,86.74099731,92,96,83,86,90,77,,9.81,,,,58,,,31.905,6225,1414,4811,,47.517,8872,81.12
Lebanon,LBN,25740,3.6,,,,11.2,14.31099987,13.39299965,26.88199925,24.9810009,71.44200134,61.6269989,0.136965173,13.02632822,0.199990636,8269.787676,-0.342081302,89094811433,5.46382279,,13010,19.46791233,45.42278649,2399073,64.49805872,-150060,6939992569,26.09586717,66.9017647,7.002368134,669.4941349,39.31116534,,6848925,,,,1424592,88.593,84.23300171,57.48799896,98,,,22,,,,10.72,,,,29,535,,21.038,14431,3744,3414,7273,16.735,10379,49.42
Lesotho,LSO,,59.3,3.166666667,3.4,3.2,4.5,2.921999931,12.77900028,16.31000018,50.5530014,65.8789978,36.66799927,0.273344565,0.395004952,1.134188171,1299.153126,0.332073491,7750817046,18.06651745,,3680,14.03238917,1.915683136,974814,,-50234,629379095.6,32.71635154,62.38256097,4.901087497,69.43781291,,50.8,2108132,,,,57,28.153,80.36000061,85.43199921,43,43,43,,,,,13.08,2,6,1,13,,73,0.692,138,,,138,32.567,6866,
Liberia,LBR,,58.5,3.166666667,3.1,2.5,2.4,41.49000168,44.90200043,77.19799995,15.03800011,53.57099915,40.06000137,,,1.222551313,677.3221785,-1.229759965,5461943836,-64.09902068,,1130,0.618232005,,2232214,,-25000,459924732.1,41.12498659,55.62158161,3.2534318,50.03090739,57.53857575,65.7,4818977,,,,9122,51.151,8.965000153,32.53900146,17,28,6,,,,,11.86,1,2,1,8,,376,0.376,168,,,168,5.321,2564,4.79
Libya,LBY,7412.428754,8,,,,10.2,21.94499969,17.50499916,5.723000109,26.71800041,66.54699707,55.77700043,,,7.949736798,7241.704481,6.368240933,143000000000,,,21340,,,2422193,,-9997,,28.31923773,67.28872201,4.392040259,3.795632381,21.64146322,,6678567,,,,8794,80.102,95.20800018,92.23200226,100,,,26,,,,4.93,,,,37,,,20.905,13757,9366,4391,,65.305,41934,89.97
Liechtenstein,LIE,,,,,,9.4,,,,,,,44.08335532,40.20838829,,,,,,,,,,,124.695331,,,,,,236.9375,,,37910,,,,168,14.338,,,,,,,,,,,,,,,,,,,,,,,,
Lithuania,LTU,2375,3.6,,,,3.8,4.458000183,9.303999901,9.152000487,35.4109993,79.05500031,55.28499985,28.15668213,15.2454749,3.644756532,19153.40899,5.088966615,95743837672,20.3415297,,34320,2.819195792,3.225175373,1452952,163.8703457,-163902,1386978491,14.88242451,65.41254234,19.70503316,44.53135138,28.39382646,,2801543,,,1911,1734,67.679,90.97000122,85.94999695,93,97,85,91,95,83,,13.36,,,,73,,,63.528,17796,2523,15273,,98.472,26438,124.29
Luxembourg,LUX,51824,4.9,,,,5,0.467999995,1.457999945,5.61499989,18.0739994,95.42500305,80.46800232,37.12070435,45.2680618,3.110836266,116639.888,1.178000117,43877541657,17.40702955,4.8,72200,2.926642868,3.994874522,307314,132.1649331,48704,2063159712,15.87882399,69.93802183,14.18315418,250.0938272,,,607950,,,288,2046,90.981,92.6269989,90.48899841,98,97,99,97,97,89,,13.64,,,,48,,,30.09,1781,534,1246,1,121.744,6992,150.51
"Macao SAR, China",MAC,24411,,,,,4.3,0.093000002,0.646000028,3.087000057,16.41399956,97.35700226,82.93900299,30.56459733,19.54749254,5.442542619,87208.53591,3.931608389,71882125194,52.24461456,,113800,7.875490593,88.72990219,388405,345.3245224,25000,22801205.46,13.65406658,75.86173049,10.48420293,20777.50026,100,,631636,,,,,100,96.47000122,91.2990036,,,,,,,,,,,,,,,,,,,,,,
Madagascar,MDG,10170,46.2,3.666666667,3.3,2.8,4.5,60.42200089,67.85099792,85.07600021,9.378000259,31.00099945,22.77099991,0.103612351,0.262909059,4.564792315,527.501285,1.810248204,48242225997,18.62198233,,1840,6.384360386,20.22387713,13851805,40.57034123,-7500,425502225.7,40.66815059,56.34513228,2.986717126,45.13985562,31.31271413,77.2,26262368,,,,44,37.191,8.512999535,13.57499981,11,18,6,,,,,10.18,,,,2,,,1.812,4275,,,4275,1.46,3833,3.61
Malawi,MWI,2327,59.7,2.833333333,3.6,3.2,4.5,43.34899902,43.93000031,59.18899965,17.17300034,46.45700073,38.89799881,0.062601908,0.082631432,3.5,389.3980332,0.801419696,23721084484,,,1310,4.620321977,3.844706176,8079173,39.00579484,-80263,181590994.7,43.90228591,53.45227916,2.64543493,192.4407616,33.50671817,66.7,18143315,,,,13782,16.937,33.99000168,44.97000122,26,34,25,,,,9928,16.77,9,15,7,13,,397,0.358,649,,,649,4.386,7957,3.54
Malaysia,MYS,476733,17.5,,,,16.7,6.315999985,12.86200047,21.78900099,31.81900024,74.48400116,55.31800079,8.551120205,20.40501543,4.74160645,11373.233,3.334501101,966000000000,25.72803424,1.9,30650,5.985458724,8.834374762,15673016,134.5259947,249999,1685623019,23.99514109,69.33310429,6.671754625,95.96282149,31.55169706,,31528585,,,,121302,76.036,74.19000244,75.07800293,100,100,99,89,,,,6.45,,,,19,,6324,15.358,46491,,,46491,34.676,107858,56.57
Maldives,MDV,26789,8,2.666666667,3.5,3,9.2,1.940000057,10.13099957,19.46700072,17.69099998,76.9489975,72.17900085,10.36851168,3.63663864,6.888817196,10330.61561,2.889730837,7276787489,,,14110,10.56719395,82.69383667,296608,166.3642921,56851,4217838.309,20.1479166,76.14873879,3.703344606,1718.986667,,,515696,,,,,39.808,64.08799744,79.54199982,99,99,99,,,,509,26.59,96,97,95,43,241,2,45.627,2353,1451,902,,64.282,3315,118.33
Mali,MLI,,60.6,4,3.1,3,2.4,62.9129982,62.34500122,80.98599815,9.395999908,31.875,28.25900078,0.633900781,1.195617995,4.899995745,899.6599081,1.791676657,43023703297,,,2260,,,7334811,115.0846727,-200000,1022074241,47.54348639,49.94928385,2.507229758,15.63501586,30.27950091,56.3,19077690,,,,26539,42.356,12.01099968,23.32299995,39,53,29,19,9,26,110,5.64,52,70,39,1,28,398,1.286,2454,1417,1037,,3.585,5174,5.28
Malta,MLT,20903,6.4,,,,8.3,0.342000008,1.432000041,9.809000198,24.92200089,90.98000336,73.64600372,43.6730503,58.15325283,6.772328111,30098.28331,3.342797311,18970477590,31.09659557,,39230,2.854464827,8.762992415,234587,140.2039395,4501,276493697.6,14.27690052,65.37377518,20.3493243,1511.03125,,,484630,,,,8579,94.612,91.97899628,81.8219986,100,100,100,93,93,93,,15.64,,,,47,,,28.598,1240,349,891,,94.833,3772,130.48
Marshall Islands,MHL,2244,,2.5,2.6,2.8,30.5,,,,,,,,,3.62475276,3788.163594,2.994982208,297590735,17.2441109,,5090,17.97139226,15.5930417,,,,31450053,,,,324.5166667,,,58413,,,,,77.031,,,83,91,59,,,,53,23.76,83,84,77,,,19,4.233,24,,,24,33.39,195,40.07
Mauritania,MRT,5636.839472,53.4,3.5,3.5,3.3,7.1,50.27999878,51.7140007,52.50300121,14.24400043,39.72499847,34.04199982,0.300273907,1.361679263,3.554277984,1188.834588,0.714678742,18143701631,19.75086053,,4120,1.157148164,0.291008929,1248504,103.7060504,25002,60391856.66,40.08318282,56.77570502,3.141112158,4.272163578,51.00448558,79.9,4403319,,,,83191,53.672,31.21199989,50.88899994,48,75,19,,,,500,6.01,43,55,29,4,12,,1.865,821,448,373,,9.252,3403,7.85
Mauritius,MUS,14940,6.5,,,,22,4.993000031,6.735000134,16.171,31.12899971,79.23699951,62.13600159,21.63851371,34.27281731,3.773818913,11238.69039,3.717228566,32999567208,16.83706477,,26080,9.549185846,38.88115697,611703,151.3591149,0,244699351.4,17.79369232,70.73213461,11.47417307,623.3019704,,,1265303,,,,14,40.793,85.27899933,75.98999786,96,96,95,,,,187,9.99,,,,34,1,361,25.331,3210,,,3210,35.152,4445,53.49
Mexico,MEX,590727,9.8,,,,13.5,3.486999989,18.11800003,26.93200016,31.24600029,78.81800079,50.63600159,14.54862775,17.15315305,2.135958121,9673.443674,0.991932458,2440000000000,23.69184564,1.5,19340,2.80036911,4.960593058,57142356,95.2316028,-300000,35768416627,26.55684819,66.21946683,7.223684981,64.91462641,21.3355771,11.1,126190788,0.5,1.7,14388,16549,80.156,68.13500214,68.3690033,91,93,82,50,52,,,11.58,88,90,80,15,,21674,23.827,297307,107566,189741,,23.961,302363,48.76
Micronesia (Federated States of),FSM,,18.5,2.666666667,2.6,2.9,11.9,,,,,,,,,0.211658399,3568.290829,-0.839033794,410438171,,,3640,,,,,-2999,23340000,31.70720881,64.29598722,3.996803977,160.9142857,,,112640,,,,,22.703,,,88,,,,,,31,21.23,,,,,,33,1.942,20,,,20,20.426,230,38
Monaco,MCO,3,,,,,2.9,,,,,,,51.24347242,112.1296727,6.1,185741.28,5.304565431,,,,,,,,84.50700584,,,,,,,,,38682,,,,25,100,,,100,100,,100,100,,,18.82,,,,,,,75.067,280,51,229,,201.609,732,271.64
Mongolia,MNG,7777,9.7,3.166666667,3.8,3.2,4.7,24.65299988,29.7840004,48.48599863,25.65500069,63.36899948,44.56100082,9.657070685,11.66649213,7.225848899,4121.732435,5.317252546,39615513066,30.25115819,,12500,9.695972287,6.818774295,1331968,133.1783386,-4262,440554140.3,30.40956831,65.50689291,4.083538787,2.040608667,70.06851629,42.7,3170208,0.1,0.5,,7,68.445,54.14699936,47.52600098,58,66,42,,,,302,6.72,71,81,49,70,,435,28.592,8739,6466,2273,,38.938,12344,72.62
Montenegro,MNE,6887,1.4,,,,9,7.243999958,8.458000183,13.25699997,27.77099991,85.02400208,63.77099991,25.33079328,27.53703754,5.077860201,8844.236985,5.082587772,13028020426,14.89888791,,20930,1.991511125,52.16787251,277659,180.6938097,-2400,588907941.6,18.20951914,66.81554422,14.97493664,46.27100372,,,622227,,,249,729,66.813,86.34700012,72.35900116,98,100,94,,30,,,9.84,,,,40,,,27.557,1730,336,1394,,52.294,3040,80.83
Morocco,MAR,80154,14,,,,7,53.9070015,28.68499947,47.53800011,24.61700058,33.67599869,46.69900131,4.309292493,6.103789513,2.99021417,3222.200634,1.648630514,309000000000,27.67945819,,8430,5.452041341,22.08006946,12067706,124.1715549,-257096,6918197476,27.20638013,65.78071505,7.012904821,80.72851893,16.3704746,13.1,36029138,,,2295,5940,62.453,39.14099884,53.16699982,89,94,79,39,40,,,6.03,,,,11,595,890,7.308,26003,9094,16909,,13.887,45326,14.9
Mozambique,MOZ,10479,65.3,3,3.4,3.1,3.3,80.17099762,59.67100143,83.14599991,14.39900017,16.86599922,25.93000031,0.237801704,0.213608596,3.428173661,498.9572202,0.458309216,42190600845,12.85053825,,1430,1.283526698,5.539972557,13192926,47.71577872,-25000,296070198.9,44.67080015,52.43843539,2.890764457,37.50853531,15.40641471,80.3,29495962,,,,4907,35.988,5.802000046,23.69300079,29,52,17,,,16,4787,8.81,,,,7,,1958,0.838,2473,1695,778,,6.847,14174,4.56
Myanmar,MMR,64397.96449,23.6,3.666666667,2.6,2.8,3.9,43.66500092,52.41199875,59.05900192,16.75900078,41.09500122,30.82799911,0.240279346,0.969799465,6.200051072,1325.952924,5.555804238,349000000000,,,6500,0.625447844,10.59329715,24690666,113.8444919,-816564,2840459625,26.37104828,67.84430978,5.784641933,82.23861548,31.40295394,41,53708395,,,,,30.579,37.94800186,37.92599869,64,76,59,,,,2326,3.59,79,92,74,9,2443,1562,6.77,36363,36363,,,9.993,35947,14.98
Namibia,NAM,14543,49.3,,,,4.5,20.37000084,23.87899971,31.0199995,24.67900085,71.84100342,51.44200134,2.531061336,6.323405496,-0.546332045,5931.453886,-2.400819772,26622744602,14.02860629,,10870,1.073889487,9.829574582,937065,112.7023597,-24030,53670691.33,36.91024919,59.45371913,3.636031681,2.973745582,33.00484688,33.2,2448255,,,,2400,50.032,57.29000092,68.01799774,35,51,18,,,,,13.86,45,62,27,27,,160,4.182,1024,1024,,,19.54,4784,31.32
Nauru,NRU,842,,,,,12,,,,,,,,,5.7,9888.893597,7.131076826,266074289,,,20940,7.48977675,5.144511542,,,,6535565.314,,,,635.2,,,12704,,,,962,100,,,66,66,,,,,17,5.24,,,,50,4,3,13.462,14,,,14,76.636,82,83.64
Nepal,NPL,71908,25,3.333333333,3.7,3.1,7.2,74.76899719,52.6590004,78.41500092,23.8579998,16.99099922,23.4829998,2.81879649,2.845159941,6.657532668,1033.912431,4.907946941,87426530266,49.48940439,,3110,6.266984685,27.78288467,16885870,139.4463618,208549,8293841343,30.41426532,63.8580639,5.727670776,195.9391071,23.982703,54.3,28087871,,,,20808,19.74,10.71800041,32.9659996,62,67,61,,,,16206,11.18,48,67,43,3,26923,,7.486,21033,14650,6383,,31.084,87333,26.39
Netherlands,NLD,325942.296,5.2,,,,5.4,1.241999984,2.714999914,12.65300006,24.4090004,92.57099915,72.87599945,43.4167118,34.58471379,2.597453618,53024.05921,2.00369176,980000000000,31.85160709,,56890,3.853103783,3.352669556,9247803,123.7312099,80000,2492057843,16.10815871,64.69564866,19.19619263,511.4579104,7.178652856,,17231624,,,,101837,91.49,86.91300201,80.35500336,98,98,100,97,97,97,,20.86,,,,47,,,36.054,61368,27575,33793,,111.839,186370,139.84
New Caledonia,NCL,,,,,,21.8,0.853999972,2.802999973,11.73899999,32.24900055,92.26499939,64.94799805,,,,,,,,,,,,140619,,2510,621059984,22.74092567,68.08491641,9.174157925,15.53938731,,,284060,,,,,70.683,86.60900116,80.33599854,,,,,,,,,,,,,,,,,,,,,,
New Zealand,NZL,187851,4.6,,,,6.2,3.653000116,7.474999905,12.08699977,29.02000046,87.23699951,63.50500107,34.72389862,37.10629118,2.773571015,41945.33167,0.846632297,193000000000,19.62925583,,39410,8.023966068,19.08413193,2771153,134.9319679,74403,452514256.4,19.65343146,64.69414402,15.65242453,18.55417569,36.82458594,,4841000,,,,1564,86.538,85.5510025,78.70400238,100,100,100,89,,,,23.36,,,,28,3232,,35.898,17027,6711,9062,1254,124.482,56356,143
Nicaragua,NIC,,10.9,4,3.6,3.1,11.4,8.336999893,44.70399857,40.86999989,18.36899948,79.59899902,36.92599869,2.975995209,5.039377459,-3.816060103,2028.894755,-5.015965544,34932852076,23.57585037,,5400,5.185581409,9.870271251,3048653,115.0959067,-106360,1504800000,30.2016812,64.55082135,5.247497448,53.72704836,27.69536978,,6465513,,,,326,58.522,49.59899902,56.50600052,74,84,62,,,,,23.95,,,,9,,1270,9.775,6320,2119,2243,1958,15.334,9914,22.98
Niger,NER,,62.7,3.833333333,3.2,3.1,2.4,69.83899689,78.91100311,93.6760025,4.397999763,19.17099953,16.69099998,,,6.483066704,413.980305,2.495334702,23333784351,,0.3,1040,,,8423151,,20001,296677560,49.98432461,47.42066751,2.595007883,17.71765059,32.92722097,70.1,22442948,,,,175418,16.425,2.362999916,8.07199955,14,44,8,10,23,7,,7.57,,,,3,369,,0.433,900,,,900,2.695,4746,1.59
Nigeria,NGA,77482.72652,62.7,3.333333333,3.4,2.8,3.1,23.83300018,44.14599991,77.61199856,11.77499962,63.36399841,44.07899857,0.037761388,0.071724941,1.937268069,2028.18197,-0.66557908,1120000000000,19.27866864,,5710,18.45126566,2.911291322,59873795,88.18424125,-300000,24311022416,43.86663998,53.38598302,2.747377005,215.064989,13.65303725,50.2,195874740,,,,34738,50.344,13.11800003,22.91600037,39,48,31,27,30,24,116454,8.17,42,53,31,5,26677,29246,3.806,74543,71508,3035,,11.792,110105,18.25
Niue,NIU,,,,,,,,,,,,,,,,,,,,,,,,,,,,,,,,,,,,,,,,,,97,,,,,,,5.9,,,,52,,1,18.75,3,,,3,125,20,116.29
Northern Mariana Islands,MNP,,,,,,,,,,,,,,,-19.60784314,23258.67586,-20.06010379,,,,,,,,,,,,,,123.6565217,,,56882,,,,,91.618,,,,,,,,,,,,,,,,,,,,,,,,
Norway,NOR,,7.3,,,,5.3,1.021000028,2.97300005,4.906000108,30.31900024,92.13600159,66.70700073,41.33635646,10.5085986,1.289548201,81697.24598,0.577326046,363000000000,35.94349937,,68310,13.17578862,4.266223316,2829069,107.1737116,140000,644347130.3,17.54903838,65.40173947,17.04922216,14.55491954,23.1580886,,5311916,,,,57026,82.248,95.71600342,91.60600281,98,98,98,76,,,,18.21,,,,39,,,29.164,15568,4691,10877,,182.248,94329,222.09
"occupied Palestinian territory, including east Jerusalem",PSE,,,,,,9.5,6.65199995,5.977000237,23.06900072,35.82899857,83.7539978,58.19499969,7.486892294,9.65953174,0.905278232,3198.866644,-1.618564497,27425091369,12.62875131,,6000,8.647348638,8.438136415,1261658,89.97575355,-52816,2482392594,38.94736128,57.91933298,3.133305737,758.9845515,19.35741936,,4569087,,,,2271102,76.164,75.47499847,68.77300262,,,,,,,,,,,,,,,,10417,7507,2910,,,8286,
Oman,OMN,76672,10.5,,,,10.1,0.349999994,5.107999802,2.633000016,36.47200012,95.44599915,58.41999817,8.73873816,11.6022183,1.764087549,16415.15728,-1.682101824,201000000000,23.93773682,,41680,9.094428811,6.441384485,2793444,133.3662907,437000,39011703.51,22.24650599,75.36070706,2.392786956,15.6041454,35.43068637,,4829483,,,,308,84.539,95.50499725,96.22499847,100,100,100,,,,,6.76,97,,,16,2474,,20.031,9674,5500,4174,,41.965,19415,60.68
Pacific island small states,PSS,65161,15.10603512,3.104166667,3.0125,3.225,15.32614694,36.25905246,40.16932314,55.00056398,14.6343308,55.16719544,45.19666896,1.105531858,5.019520874,2.654473872,4224.52989,1.180639279,15228109568,,,6196.921163,5.978032289,46.17972462,921678,,-63416,755385863,35.03655477,60.42612785,4.537317377,38.27674455,,,2457367,,,,969,38.78134412,36.05742419,48.96692374,,,,,,,,,,,,,,,,,,,,,,
Pakistan,PAK,48542,34.9,3,3.2,3.1,19.9,65.2559967,29.47400093,55.48300171,27.45400047,17.88699913,43.0719986,0.853498388,1.318677191,5.830241905,1482.403063,3.67671211,1240000000000,18.77178609,,5860,4.271449039,2.714820998,73943927,72.55706103,-1166895,21194000000,35.2698146,60.41741109,4.312774311,275.2893187,19.79189306,45.5,212215030,,,7791,1404019,36.666,28.6079998,46.75600052,60,77,50,,,,16448,4.73,60,83,46,6,,37613,9.801,208007,,,208007,6.683,103777,14.79
Palau,PLW,,,,,,17.9,,,,,,,,,1.705518583,15859.43486,1.143233089,349397906,,,19510,,,,,,2180000,,,,38.92826087,,,17907,,,,,79.93,,,100,100,100,,,,,18.11,,,,,,13,14.205,25,,,25,72.626,130,64.46
Panama,PAN,119148,15.6,,,,7.7,7.84499979,18.00200081,34.21799946,24.66699982,82.33499908,57.33100128,12.93361128,17.43839704,3.677013629,15575.07255,1.936964073,98382996783,,,23550,4.535760552,20.78419943,2070252,137.0014238,56000,537877200,27.06230432,64.8329646,8.10473108,56.18607748,63.06276362,25.8,4176873,0.5,1.7,,2518,67.709,64.61100006,61.31999969,83,92,65,,,,,14.63,,,,23,,,15.687,6333,,,6333,30.741,12840,38.49
Papua New Guinea,PNG,41545.17078,36.1,3,2.6,2.9,17.9,60.51800156,56.20800018,77.92200089,10.42500019,36.80599976,33.36700058,,,-0.820774238,2730.274799,-2.760114412,36334539993,,,4220,,,2672011,,-3999,2875318.452,35.8159344,60.73879635,3.445269251,19.00436338,32.36924347,,8606316,,,,10026,13.169,12.03600025,28.64599991,13,48,8,,,,4469,9.54,,,,,,,0.699,602,,,602,4.548,3237,5.87
Paraguay,PRY,4215,13.7,,,,9.6,14.54100037,23.86800003,37.48400021,25.04800034,77.60500336,51.08399963,4.610364537,4.352373885,3.676623231,5821.814323,2.349990344,91937085253,23.20703294,,13220,3.955773025,2.720439755,3596770,106.9525792,-82780,682869965.8,29.4405056,64.12927939,6.430215009,17.50835892,75.21655521,,6956071,0.4,1.6,,266,61.585,56.44200134,57.61199951,90,94,83,58,54,66,,11.92,80,84,72,13,1395,,13.544,9421,,,9421,16.604,10399,23.34
Peru,PER,141025.363,20.3,,,,6.6,25.83600044,28.69000053,50.41799927,21.05200005,65.59999847,50.25799942,,,3.976935718,6941.235848,2.205617031,439000000000,19.82978414,,13710,6.640821167,8.720746945,18864820,,495345,3224754055,25.79060285,66.12100436,8.088392792,24.99160625,41.69272611,34.2,31989256,0.7,2.6,,2529,77.907,40.26300049,50.13299942,74,80,56,43,51,,,15,,,56,16,1512,,13.048,40352,,,40352,24.398,78048,26.09
Philippines,PHL,292450,25.2,,,,7.1,13.77799988,29.48500061,32.69899893,25.50799942,76.39299774,45.00699997,3.675257165,3.874764169,6.243737742,3102.713363,4.770738946,1150000000000,42.35031614,,10740,9.614105962,10.76362368,44815316,126.1986393,-335758,33808967986,30.9630402,63.91439103,5.122568768,357.6883053,26.95026589,38.3,106651922,,,,642,46.907,60.14500046,65.88200378,77,78,75,52,54,50,,10.01,78,85,73,5,,,6.004,63141,,,63141,49.351,526331,
Poland,POL,123903,5,,,,6.1,7.995999813,10.23400021,16.05900002,43.72499847,74.69400024,46.04199982,16.12518272,17.33905581,5.148018484,15420.91116,5.137713695,1140000000000,19.62878737,,30010,3.473966538,4.841040018,18223701,134.7484225,-146976,7112000000,15.05227681,67.42990642,17.51781676,124.0358862,7.750387608,,37974750,,,18536,12506,60.058,84.18699646,76.46499634,99,99,99,93,,,,10.7,,,,65,,,23.788,90284,15908,74376,,68.926,233012,79.84
Portugal,PRT,182753,10.2,,,,9.8,3.796000004,7.809000015,11.84800011,33.86600113,81.04199982,58.32500076,36.90145066,49.46726334,2.441266929,23407.90659,2.625968365,336000000000,18.04048688,,32680,6.256065647,22.71093323,5223005,115.6330424,-30001,503789178.4,13.45790782,64.58823464,21.95385754,112.2394535,43.6597443,,10283822,,,2545.96,2136,65.211,87.51899719,79.35199738,100,100,100,85,93,,,11.91,,,,34,,,51.24,52718,27076,25642,,69.746,68976,108.03
Puerto Rico,PRI,,,,,,13.7,0.298999995,1.626999974,12.36999954,21.6060009,91.74700165,76.76699829,20.03644563,23.13682476,-4.905626153,31651.34815,-1.041080619,85010140010,,,26610,,,1048741,109.563442,-489932,,16.83608611,64.48906368,18.67485021,360.2201804,82.08594764,,3195153,,,,,93.578,92.05400085,76.5530014,,,,,,,,,,,,,,,,,,,,,,
Qatar,QAT,197811,5.2,,,,15.6,0.009,1.381000042,0.144000003,61.99599838,93.61599731,36.6230011,9.631079325,16.25232503,1.493339993,68793.78444,-0.584669133,346000000000,51.55866417,,124410,17.86023911,14.85847606,2124485,141.8558268,200000,467032967,13.54076419,85.08916548,1.370070339,239.5931955,25.14393779,,2781677,,,,190,99.135,99.60299683,99.5739975,100,,,96,,,,5.83,,,,12,504,,24.852,6913,1305,4937,671,72.628,19895,76.65
Republic of Korea,KOR,526374,10.1,,,,6.9,4.611000061,5.073999882,19.04099965,33.7519989,82.06400299,61.17399979,41.59692858,50.62729196,2.668311402,31362.75147,2.33217302,2070000000000,34.67291002,11.5,40090,5.412653956,2.740669151,28450476,129.6727883,58657,7125100000,12.97332358,72.60812059,14.41855583,529.6521036,23.68789053,,51606633,,,,2903,81.459,77.6269989,73.30699921,100,,,100,,,,12.28,,,,115,,35220,23.608,120630,32652,87978,,73.009,373601,92.24
Republic of Moldova,MDA,13590,4.2,4,3.9,3.4,5.7,32.68099976,39.2140007,37.34700131,22.17900085,55.74599838,38.60699844,15.37866762,27.34983504,3.4,3227.312192,3.496608997,27020228933,14.9489283,,7620,6.860987218,14.48628728,1281378,88.01395083,-6935,1837620000,15.86009086,72.6703528,11.46955634,123.5198035,33.72028098,,2706049,0,0,,418,42.629,65.94300079,58.70199966,76,86,69,,78,,,13.32,,,,58,,17776,32.066,13018,,,13018,49.235,19311,77.06
Republic of North Macedonia,MKD,,1.9,,,,9.3,14.40200043,16.01600075,19.02799988,34.5359993,58.97900009,49.44800186,20.54598343,18.38256863,2.664591889,6083.718948,2.617176945,32644207769,33.02031217,,15670,3.057713619,5.09094757,959187,94.53430868,-4999,344454462,16.51699963,69.81281899,13.67018138,82.59151467,48.38782618,,2082958,,,683,412,57.963,81.01899719,73.86100006,99,100,98,17,8,,,12.89,,,,44,,,28.736,5975,,,5975,37.917,7884,66.68
Romania,ROU,55637,4.2,,,,6.9,21.53199959,21.84000015,23.72199917,36.67100143,57.00400162,41.48899841,26.05849633,18.76334774,3.953810542,12301.1864,4.559978445,536000000000,19.67182577,,27520,4.725159052,3.244408788,8933410,116.2456038,-369997,6983986125,15.53455496,66.12674365,18.33870139,84.63984701,17.32084793,,19466145,,,10765,4157,53.998,76.70899963,74.08100128,84,95,71,77,,,16170,12.84,,,,63,,460,29.807,58583,,,58583,73.891,141821,90.84
Russian Federation,RUS,885094,4.8,,,,6.1,3.901000023,7.513999939,5.350000024,37.17399979,80.51100159,55.31200027,22.0008863,20.65975074,2.254804346,11288.87845,2.261780504,3950000000000,30.18624226,,26900,11.30058121,3.676965703,73023442,157.431312,912279,8610210000,17.91408058,67.4112111,14.67470832,8.822079555,11.53971857,,144478050,0,0,85626,77397,74.433,94.26599884,92.21099854,90,95,78,61,63,55,,9.49,,,,82,,,37.494,543604,,,543604,85.429,1243250,126.58
Rwanda,RWA,18439,42.4,4,4.2,3.8,5.1,71.51200104,52.67599869,67.99599838,15.375,25.66200066,31.95000076,0.060973974,0.105348981,8.606705998,772.9444599,5.772764955,27114274315,12.39590487,,2200,12.12897433,25.89280187,6361963,78.85411036,-44998,260527797.5,39.97557302,57.0862309,2.938196078,498.6598703,49.96186157,53.2,12301939,,,,145360,17.211,22.56900024,41.95899963,67,52,70,,,,,9.86,5,13,3,16,,1990,1.34,1648,1114,534,,12.044,13345,8.96
Saint Kitts and Nevis,KNA,,,,,,13.3,,,,,,,,,2.923938817,19275.41851,2.146724809,1496321526,,,28530,9.93443018,60.63869419,,,,25857329.98,,,,201.6961538,,,52441,,,,4,30.776,,,,,,,,,48,6.89,,,,,,,26.758,137,,,137,42.188,216,
Saint Lucia,LCA,,9.7,3,3.8,3.8,11.6,11.41699982,21.84799957,29.597,26.91900063,81.44200134,51.23300171,17.73884072,20.05014047,0.85713557,10566.04975,0.339234187,2362064176,,,12990,8.719713188,81.27115699,99985,101.6795958,0,42983521.57,18.528883,71.66458664,9.806530356,298.1786885,,,181889,,,,2,18.678,69.84999847,58.5929985,88,78,91,,,,,11.47,,,,13,,,6.409,116,,,116,31.547,476,19.64
Saint Martin (French part),MAF,,,,,,,,,,,,,,,,,,,,,,,,,,,,,,,,,,37264,,,,,,,,,,,,,,,,,,,,,,,,,,,,,
Saint Vincent and the Grenadines,VCT,,13.4,3.333333333,3.6,3.7,11.6,4.710999966,15.03100014,19.86499906,29.39500046,88.57900238,55.57500076,22.33261653,17.43836822,2.163128944,7361.400962,1.8080933,1340595264,,,12160,10.64412507,76.27016851,56646,96.06572847,-1000,46770931.63,22.54130713,67.86890601,9.589786863,282.5897436,,,110210,,,,,52.198,78.98300171,71.48200226,87,,,,,,45,14.82,,,,26,,13,6.648,72,,,72,70.145,773,
Samoa,WSM,6848,12,4.166666667,3.9,4.1,9.2,6.626999855,42.56299973,29.98300028,17.84300041,60.11100006,39.59400177,,,-2.168099125,4183.407935,-2.556174478,1226825736,,,6260,0.980115478,62.57381062,53601,,-14013,147363459.2,38.32069709,56.87889093,4.800411974,69.30388693,,,196130,,,,3,18.243,74.14600372,63.31700134,98,98,98,48,38,51,,15.08,,,,,37,,3.445,67,,,67,24.885,488,18.81
San Marino,SMR,,,,,,5.9,,,,,,,,,,,,,,,,,,,,,,,,,563.0833333,,,33785,,,,,97.226,,,100,,,77,,,,13.23,,,,,,,61.094,201,,,201,82.067,253,154.46
Sao Tome and Principe,STP,,33.9,2.833333333,3.1,3.2,2.4,8.847000122,24.12599945,48.11400032,25.84399986,87.81800079,50.02999878,0.737816783,2.511041189,2.657693757,2001.140902,0.741508911,725635668,,,3440,8.877220145,73.19355971,71890,77.05612525,-8401,17776130.48,42.51994996,54.55437193,2.925678109,219.8208333,,86.6,211028,,,,,72.803,42.68000031,54.00099945,43,48,31,,,,150,12.39,41,39,47,29,,44,0.531,11,,,11,19.242,406,
Saudi Arabia,SAU,254063.7469,10.6,,,,15.8,0.347000003,2.713000059,3.015999917,28.07600021,97.51300049,69.21099854,20.24129125,15.98505772,2.434110778,23338.96346,0.607923521,1880000000000,33.15161989,,55840,8.560235957,5.405372541,14387983,122.5733112,674895,334914666.7,25.04284813,71.64306385,3.314088023,15.67665431,24.44346536,,33699947,,,2939,266,83.844,98.625,94.58899689,100,,,78,,,4627,8.21,,,,27,12052,10709,26.117,88023,11692,68170,8161,54.763,180571,77.74
Senegal,SEN,1087,45.7,4,3.7,3.5,2.4,24.94000053,33.45500183,64.62800026,18.83499908,69.54100037,47.70999908,0.818830296,1.906375946,6.766293824,1521.953554,3.837062008,58244252482,,,3670,,,4255464,104.450641,-100001,2427531906,43.05543037,53.85774593,3.086823701,82.34747832,39.80784524,39.4,15854360,,,,14359,47.192,27.29899979,39.33100128,51,65,40,21,22,21,5,8.04,24,42,9,3,37,,0.691,1066,,,1066,3.127,2820,3.78
Serbia,SRB,28160,2.4,,,,9,13.11999989,17.29199982,24.29699898,33.68700027,68.08799744,49.02000046,17.6326636,29.24869876,4.392237239,7246.731656,4.971964525,115000000000,18.6311243,,16540,6.135518885,7.667678852,3223416,95.78099081,20000,4323832955,15.68968075,65.96452656,18.34579269,79.83174022,35.47528835,,6982604,,,3724.468,30954,56.092,76.59300232,68.58300018,98,100,95,25,23,,887,13.86,,,,57,,5652,31.131,27563,9026,18537,,60.855,53881,71.6
Seychelles,SYC,18671,11.9,,,,12.3,,,,,,,20.28507869,20.89684436,3.627351583,16433.93529,2.6431477,2817800990,10.17837153,,29120,5.351176989,35.42076661,,184.2980143,-1000,22713694.64,23.63537118,68.77008322,7.594545604,210.3521739,,,96762,,,,,56.691,,,100,,,,,,,9.7,,,,36,,46,21.212,203,82,121,,80.773,684,54.17
Sierra Leone,SLE,,57.9,3.166666667,3.1,3.2,2.4,51.97999954,57.90000153,86.12500334,11.55799961,46.63499832,30.54199982,,,3.446162621,533.9911843,1.259327721,11395485370,-7.289945854,,1490,3.779966757,5.162511932,2681164,,-21000,62085874.74,41.05963935,55.97380444,2.966556211,105.987171,35.30783223,75.6,7650154,10.7,40.1,,592,42.055,5.244999886,17.31800079,16,26,9,13,20,8,621,10.84,19,27,14,4,183,78,0.251,165,79,86,,2.239,1328,3.42
Singapore,SGP,208787,22.7,,,,5.5,0.330000013,1.008000016,9.665999621,18.94099998,89.05400085,80.0510025,27.97221502,34.75467386,3.139464543,64581.94402,2.656150008,534000000000,45.82845682,2.4,94670,4.64597049,3.178701011,3531132,148.821563,135142,,12.27828264,76.25833717,11.46338019,7952.998418,100,,5638676,,,,,100,90.84100342,82.50099945,100,100,,100,100,,,14.15,,,,24,,,22.936,12967,7920,5047,,62.432,35636,93.97
Sint Maarten (Dutch part),SXM,,,,,,6.8,,,,,,,,,,,,,,,,8.514503423,58.87123411,,,,50949720.67,,,,,,,40654,,,,7,100,,,,,,,,,,,,,,,,,,,,,,,,
Slovak Republic,SVK,,4.8,,,,6.5,1.090999961,3.082000017,11.79799993,49.32400131,78.58599854,47.59400177,27.65439443,13.25329442,4.033703043,19442.70576,3.885130152,180000000000,22.06447468,5.8,33060,2.808158715,3.272376556,2740077,132.801823,7423,2114125126,15.44613676,68.92461673,15.6292465,113.2905782,14.6907818,,5446771,,,3626.611,949,53.726,90.22599792,81.25499725,98,99,97,83,88,76,100,14.95,,,,58,,3147,34.156,18608,,,18608,3.187,,94.69
Slovenia,SVN,18444,5,,,,5.9,4.676000118,5.693999767,11.19599962,44.61800003,74.98200226,49.68899918,29.48917552,33.43423955,4.118217859,26123.97387,4.068661066,77420947580,26.90217733,,37450,4.214833347,7.321501378,1024236,118.6742271,9999,608128533,15.02177505,65.3713453,19.60687965,102.6398595,,,2073894,,,1209,749,54.541,88.29799652,82.23600006,99,99,99,83,,,,12.83,,,,46,,,30.861,6408,1400,4758,250,99.745,20505,116.6
Solomon Islands,SLB,14365,22.2,3.166666667,2.7,2.7,19,37.52399826,37.65800095,65.67699909,14.60299969,58.27700043,47.74000168,0.227921275,1.138074647,3.85471177,2137.690695,1.179036123,1512823389,,,2320,7.145653443,13.56829528,336182,73.83377983,-7998,19331180.19,40.2415843,56.15946524,3.598950459,23.32468739,,,652858,,,,,23.749,24.73900032,41.44100189,34,78,20,,,,,12.54,36,59,29,14,,42,1.937,120,,,120,21.642,1413,19.71
Somalia,SOM,98,64.2,,,,5.1,86.95300293,81.9469986,87.24499893,4.175000191,11.44099998,13.87699986,,0.498393348,,314.5441657,,,,,,,,3924554,50.99230249,-200002,,46.57658407,50.55010499,2.873310943,23.9234769,30.84199483,73.6,15008154,,,,16741,44.971,5.464000225,13.51900005,38,61,20,,,,,,10,12,8,9,,149,0.23,309,,,309,1.119,825,1.08
South Africa,ZAF,180317.186,39.6,,,,12.7,3.732000113,6.153999805,10.29799986,31.92099953,84.82800293,61.92499924,1.915495359,5.788707805,0.78705557,6374.028196,-0.572080197,766000000000,14.88226056,,13250,5.828677892,8.893575452,23300270,159.9306644,727026,929043381.1,29.07948915,65.60250585,5.318005005,47.63011978,14.30890325,23,57779622,,,,89285,66.355,87.45600128,82.08399963,76,76,75,,,,,14.23,44,53,27,28,149,453,9.054,51616,,,51616,13.078,74556,60.46
South Sudan,SSD,,63.4,1,1.5,1.4,10.2,73.22299957,41.34999847,84.85400009,19.625,18.9260006,39.02500153,0.00182217,0,,,,,,,,14.36282799,0.387776008,4679031,33.46296855,-870998,1267160000,41.82012143,54.78139569,3.39848288,,17.13546256,95.6,10975920,,,,291842,19.615,8.102000237,15.20600033,11,37,5,,,,4716,4,,,,,,,,,,,,,,
Spain,ESP,641020,5.1,,,,6.9,2.073999882,5.744999886,10.98200044,29.55999947,88.95700073,64.69499969,32.50380176,41.72878216,2.351008131,30370.89233,2.065112042,1860000000000,22.31211098,,39800,5.798681209,16.30319735,22943908,115.9942148,200000,3355210688,14.66700111,65.95449137,19.37850752,93.52905826,17.31228414,,46796540,,,15618,20457,80.321,88.23200226,80.67900085,100,100,100,97,97,97,,14.5,,,,30,,,38.723,180633,35378,117912,27343,57.295,267266,91.96
Sri Lanka,LKA,34425,7.5,,,,10.7,27.43199921,23.02899933,38.99600029,30.49699974,44.55699921,46.47399902,7.274625469,11.65341099,3.209131128,4102.48135,2.132746096,284000000000,25.45517894,,13110,9.265818284,27.67497736,8920237,142.6507235,-489932,7043039552,24.19700102,65.32977922,10.47321975,345.558922,14.9814836,,21670000,,,,800,18.476,55.88700104,59.0530014,96,95,96,,,,,11.17,,,,35,,1850,10.041,21316,19000,2316,,21.803,37000,36.75
Sudan,SDN,3170,35.2,1.833333333,2.5,2.1,22.1,54.27399826,34.83000183,50.40100098,20.43899918,41.34500122,44.73199844,0.075002034,0.327554973,-2.320827321,977.2736357,-4.629843228,185000000000,15.08514473,,4430,0.157818442,20.87792437,12410556,72.00791416,-250001,425214350.6,40.50879187,55.91004761,3.581160528,,38.2164366,91.6,41801533,,,,1078287,34.642,33.22399902,47.72900009,37,60,24,,,,,11.65,23,32,19,8,35,2416,2.618,10683,,,10683,6.952,12234,42.2
Suriname,SUR,3225,13.3,,,,12.5,4.054999828,9.486000061,12.19399989,32.77000046,88.84400177,57.74399948,12.70438723,15.29505721,1.9,6234.044922,0.927865887,7962399294,,,13820,4.932439327,3.208425333,217328,130.604698,-4999,519054.0965,27.17026337,65.92336673,6.906369902,3.69225,,7.3,575991,,,,43,66.06,89.31900024,83.91600037,84,89,75,,,,,11.84,,,,31,,,12.101,697,,,697,27.569,1588,
Sweden,SWE,,5.2,,,,4.8,0.852999985,2.378000021,6.063000068,27.97100067,92.2009964,69.65100098,39.84924042,23.99190584,2.225238612,54608.36025,0.965620049,550000000000,29.19863111,,54030,7.452235661,5.907868934,5452261,126.8307474,200000,3145713823,17.58178546,62.32268961,20.09552493,25.00104343,17.77966074,,10175214,,,9708,248226,87.431,94.44499969,86.7480011,99,99,100,93,94,88,,19.03,,,,26,,,39.84,39187,6413,22216,10558,118.164,109463,160.64
Switzerland,CHE,219782,4.3,,,,5.7,2.450000048,3.38499999,8.941000104,29.41300011,87.8789978,67.20200348,46.42094273,38.74016771,2.750516981,82796.54716,1.969887247,586000000000,34.67892716,,68820,5.436047516,4.385043938,4981104,126.7727087,259999,2565756335,14.91095477,66.46582867,18.62321656,215.5213784,21.81048927,,8513227,,,3227.846,104037,73.797,87.49500275,83.46800232,100,100,100,100,100,99,,22.7,,,,47,,,42.957,36324,9628,21658,5038,175.357,145602,223.02
Syrian Arab Republic,SYR,167.7535302,5.1,,,,13.5,8.166000366,11.15400028,32.43000054,29.67200089,84.09600067,59.17399979,7.841153913,16.16990725,,,,,,,,,,5191776,101.0895154,-2136954,1622540000,31.42154081,64.07533477,4.503124421,92.06710777,25.33144562,19.3,16906283,,,,576621,54.162,83.74500275,59.48699951,91,91,91,,,,,4.8,71,72,69,15,,,12.874,22485,,,22485,15.406,26908,38.48
Tajikistan,TJK,4021,23.2,3.166666667,3.4,2.8,6.1,60.24100113,35.60599899,41.7519989,20.85099983,32.49200058,43.54199982,,,7.300000287,826.6215305,4.699464341,36868771430,,,4050,0.751505583,15.31007096,2464952,,-99999,2183340531,36.78428408,60.19382837,3.021887552,65.57271417,35.33836474,,9100837,,,,2657,27.134,53.05899811,59.52999878,97,95,98,,,,,6.84,73,87,67,48,,,21.026,17352,,,17352,47.534,34696,69.89
Tanzania,TZA,51577,55.8,4,3.6,3,5.7,67.43199921,63.34899902,82.72800064,10.10599995,29.46100044,26.54500008,1.529357877,0.220618745,5.444967632,1060.994615,2.11505516,172000000000,,,3140,8.276643121,29.36531473,27170626,77.24135223,-200381,412910078,44.09823815,53.30046267,2.601299178,63.5790788,31.79251906,50.7,56318348,,,,278322,33.776,10.23099995,18.4260006,30,43,24,25,31,22,,12.31,48,63,40,7,93,2508,0.14,742,742,,,5.843,31940,4.38
Thailand,THA,475886.496,15.8,,,,7,28.66799927,34.08599854,48.47200012,25.04700089,51.57500076,40.86700058,13.23520776,4.218731476,4.129226103,7273.563207,3.80126981,1260000000000,32.19524367,,18200,5.169181259,19.62522667,38989831,180.1826119,97222,7463334346,17.08698882,71.01211804,11.90089314,135.8972068,29.28677024,25,69428524,0,0,,102245,49.949,48.79000092,48.86899948,99,99,98,,,,1064434,13.28,84,85,83,21,,2442,8.05,55890,,,55890,27.593,191575,27.64
Timor-Leste,TLS,,45.6,3,2.9,2.5,6.7,41.18999863,47.1609993,67.65499878,11.28499985,51.13399887,41.55400085,0.04755618,0.173978331,2.813982292,2035.533908,0.810281645,8882959384,,,7010,12.36170536,64.00151534,545438,115.8142833,-26924,96320932.13,37.78066427,57.90284343,4.316492294,85.27047747,,,1267972,,,,,30.578,20.01799965,40.45600128,54,76,44,,,,241,2.44,28,43,22,59,,132,7.224,916,883,33,,16.68,1497,15.12
Togo,TGO,11559,51.7,3.333333333,3.4,2.9,2.4,35.65999985,39.73300171,80.91100121,12.60499954,51.18099976,47.66199875,0.331546351,0.477760878,4.91014754,679.2570836,2.375272507,14045237826,,,1780,,,3699587,77.88610174,-9999,495210300,41.3345235,55.79600849,2.869468011,145.0467733,53.06357925,51.2,7889094,,,,12336,41.702,11.20699978,23.33399963,16,29,7,,,,7086,7.85,10,20,4,7,460,183,0.774,611,219,392,,4.102,1951,3.58
Tonga,TON,,11.7,3.333333333,3.2,3.7,15.7,2.375,37.95100021,52.24000168,15.05599976,46.25,46.99300003,2.440962431,14.24169307,0.299994245,4364.015561,-0.865346735,672520860,,,6520,12.75136093,45.88901814,40750,104.5941258,-3999,183293154.3,35.41575821,58.63058035,5.953661444,143.3291667,,,103197,,,,,23.131,41.85499954,49.67900085,93,97,92,,,,,13.5,,,,,,25,5.403,55,36,19,,41.57,429,44.83
Trinidad and Tobago,TTO,32770,9,,,,11,1.305999994,4.208000183,18.14000082,37.25699997,86.22299957,58.53499985,24.53838311,23.12736043,-0.245213697,17129.91309,-0.66049439,43062735710,,,30980,1.642922794,4.865175417,666722,141.9293402,-3999,138708322.6,20.41957257,68.84547391,10.73495352,270.9274854,73.65127939,,1389858,,,,785,53.184,84.05400085,70.9280014,93,,,,,,,8.17,,,,30,348,,41.675,5792,4694,1098,,40.934,5689,51.02
Tunisia,TUN,41446,7.8,,,,8.5,9.510000229,14.14299965,19.9640007,32.47000122,57.68700027,53.38600159,8.771097018,11.25804039,2.482826838,3447.50791,1.315252125,140000000000,8.264495161,2.3,12070,3.870085475,11.94764416,4087509,127.7071968,-20000,1902286981,24.17012035,67.51420057,8.315679079,74.44132338,28.72941182,8,11565204,,,,1066,68.945,82.65399933,69.8809967,91,95,81,78,88,,,14.16,79,90,54,23,358,1942,13.025,14892,6491,8401,,25.136,28739,39.59
Turkey,TUR,772925.545,4.4,,,,11.1,25.8579998,14.87899971,27.04299927,31.24300003,58.39099884,53.87799835,16.28274432,14.1285506,2.82677612,9370.176344,1.305564285,2280000000000,27.06290909,,27640,2.084472703,16.62131682,33368909,97.30132788,1419610,1122000000,24.64941014,66.86737692,8.48321294,106.9601289,23.84637047,11.9,82319724,0,0.1,10315,3681685,75.143,66.65499878,69.36000061,97,100,90,65,70,,,10.5,,,,27,,,18.492,149997,47999,101998,,27.107,166142,44.05
Turkmenistan,TKM,18184,17.2,,,,6.1,19.0909996,20.45000076,25.2190001,45.39300156,42.69100189,34.1570015,,,6.199999941,6966.635411,4.507616162,108000000000,,,18490,,,2653434,,-25001,1601946.295,30.82236394,64.7510016,4.426634462,12.45059477,26.8392687,,5850908,,,,22,51.593,74.09600067,72.11399841,99,98,99,,,,,8.68,100,100,100,74,,,22.247,12161,4207,7954,,44.273,23090,70.61
Turks and Caicos Islands,TCA,,,,,,,,,,,,,,,5.282085494,27142.2278,3.74471268,925880320,,,24580,,,,,,7481920,,,,39.64736842,,,37665,,,,4,93.098,,,,,,,,,,,,,,,,,,,,,,,,
Tuvalu,TUV,,,2.666666667,2.9,3.1,22.1,,,,,,,,,2.5,3700.710677,1.270855057,70150490,,,6100,,,,,,4043830.047,,,,383.6,,,11508,,,,,62.387,,,84,83,86,6,4,10,,16.91,,,,56,,,,,,,,42.609,49,77.5
Uganda,UGA,4832,54.5,4.166666667,3.5,3.2,2.5,77.05699921,68.43199921,75.23900032,9.850999832,19.70899963,21.7159996,0.02219802,0.437412162,6.152354913,642.7767443,2.274615022,84316598286,18.29847265,,1970,3.866350834,18.61937643,16658615,57.27260732,843469,1230414827,46.93052518,51.1284879,1.94098692,213.0617345,29.40191291,53.6,42723139,,,,1165653,23.774,14.95800018,28.02799988,18,26,16,,,,,10.97,21,34,17,5,,2447,1.68,6918,,,6918,12.382,52907,7.42
Ukraine,UKR,66712,4.1,,,,6.1,12.14400005,16.60899925,14.85200046,34.52199936,74.19000244,48.86899948,12.80325605,14.38824117,3.335489309,3095.173581,3.862732572,382000000000,10.61694408,,9030,11.75427647,3.836983174,20206988,127.753861,50001,14694000000,15.81241317,67.75290039,16.43468644,77.02966735,9.554217042,,44622516,0,0,,2620,69.352,86.51999664,82.19400024,96,97,94,68,66,,,10.8,,,,88,,,29.923,134986,16249,118737,,66.61,284207,100.38
United Arab Emirates,ARE,455957,6.5,,,,16.3,0.009,1.695000052,0.932000011,40.24200058,94.52999878,58.06299973,31.40460882,24.31109924,1.726349343,43004.95336,0.207936371,727000000000,,,75440,,,6840893,208.5048332,200000,,14.60350937,84.31148965,1.085000985,135.6091101,33.42625819,,9630959,,,,1164,86.522,96.34799957,95.9940033,99,,,96,,,,8.69,,,,12,,,25.278,24345,,,24345,57.271,55158,46.19
United Kingdom,GBR,1242985,7.7,,,,3.9,0.586000025,1.430999994,12.99799958,27.21699905,92.07900238,71.35199738,39.5970259,47.54109831,1.38567357,42943.90227,0.729787206,3020000000000,13.43053099,,45350,7.595373642,5.662447508,34541393,118.3651292,1303250,4389788199,17.67808207,63.92605226,18.39586567,274.8273922,16.314527,,66460344,,,15961,126720,83.398,89.11799622,81.25900269,99,99,99,98,99,92,,16.52,,,,28,,,28.117,188783,49569,138726,488,81.723,517200,112.46
United States,USA,9879630,5.2,,,,10.8,0.726000011,1.863999963,3.836999949,29.30999947,90.59400177,68.8259964,33.80289286,33.61732058,2.927322728,62794.58565,2.291729492,20800000000000,18.57972248,,63690,5.960641638,10.24045448,166543859,129.0140075,4774029,6668000000,18.70903998,65.48330596,15.80765406,35.76608858,6.993059413,,326687501,,,150462.2976,313241,82.256,94.875,92.84799957,100,100,100,90,95,,,21.29,,,,29,552276,,26.12,849126,99659,749467,,145.48,4729338,117.3
Uruguay,URY,,7.6,,,,7.3,3.607000113,11.74400043,24.31999999,27.36000061,87.98999786,60.89599991,28.33601746,33.44267,1.620083629,17277.97011,1.247312548,75681182396,11.99198034,,21940,9.980019832,14.87446164,1762498,149.9042265,-15000,104268963.5,20.60798107,64.57749939,14.81451953,19.70802765,52.82242945,,3449299,0,0.1,,391,95.334,75.88200378,68.75700378,97,97,97,,,,,20.77,,,,28,,1420,50.794,17456,,,17456,19.412,6671,97.86
Uzbekistan,UZB,21514,10.3,4.166666667,3.7,3.3,6.5,24.58200073,23.46800041,41.97700024,38.04999924,58.30500031,38.48199844,12.69699784,10.65473581,5.122118113,1532.371677,3.314122563,290000000000,41.8962651,,8810,11.61087088,9.295983288,15453701,71.51737128,-44314,7609613692,28.68605741,66.89480471,4.419137878,77.46920545,14.8117546,,32955400,,,,14,50.478,54.72499847,57.93000031,100,100,100,,,,,10.74,,,,40,,,23.742,72237,14958,57279,,112.804,318196,149.47
Vanuatu,VUT,11723,18.8,3.666666667,3.2,3.3,11.9,54.98799896,56.49499893,70.41699982,9.399999619,42.72800064,34.10499954,1.611999453,1.419297526,3.2,3123.893396,0.671832718,951251026,,,3250,4.560432693,62.84373601,128570,85.90542572,600,35218649.8,38.84823015,57.51161678,3.640153068,24.00984413,,,292680,,,,,25.274,24.32099915,31.02499962,34,48,29,,,,212,17.94,25,48,17,,59,,1.653,46,,,46,14.247,417,24.04
Venezuela (Bolivarian Republic of),VEN,24986,11.3,,,,7,1.131000042,12.87199974,35.6100018,22.16399956,90.94400024,64.96499634,9.016399628,19.20333832,,,,,,,,,,12364707,71.76613811,-3266243,297082484.5,27.66665058,65.0663628,7.26698662,32.73079191,11.52352357,,28870195,,,,67289,88.208,63.72999954,60.24900055,94,,,24,,,,5.8,,,,8,,,19.475,48000,,,48000,9.416,27200,
Vietnam,VNM,283787,11.5,,,,6,38.66199875,36.1609993,54.07400036,31.72900009,38.14899826,32.10900116,13.6002095,4.4965804,7.075788617,2566.59695,6.018088398,662000000000,22.57319914,,6930,2.406083644,3.899608298,57364217,147.1952734,-399999,15933968170,23.17267683,69.55234487,7.274978298,308.1252459,23.73553763,27.2,95540395,0.4,1.9,2382,,35.919,38.29800034,49.0019989,84,94,78,,,,,14.22,86,93,82,26,,,8.281,77539,,,77539,14.463,106654,22.55
Virgin Islands (U.S.),VIR,,,,,,12.3,0.811999977,5.885000229,7.427000001,32.26200104,91.60800171,61.85300064,,,,,,,,,,,,51981,,-2254,,19.7134123,60.99828047,19.28830722,305.6485714,,,106977,,,,,95.721,91.25900269,83.23200226,,,,,,,,,,,,,,,,,,,,,,
Yemen,YEM,2342,28.7,2,2.3,1.7,5.4,46.54499817,27.72999954,45.62699986,9.98900032,42.5719986,62.28099823,1.355606503,,-2.701474865,944.4084994,-4.968006747,,,,,,,6734740,53.67893316,-150000,3350500096,39.61489027,57.50883997,2.876269756,53.97785291,26.61546495,60.8,28498687,,,,264369,36.642,29.97800064,48.27099991,59,88,43,,67,,19,3.93,50,71,38,7,1113,1809,5.251,13560,5412,,8148,7.852,22377,10.68
Zambia,ZMB,734,60.6,2.666666667,3.4,3.1,4.5,54.22999954,43.88600159,78.13399887,16.7159996,41.3390007,39.39799881,0.24991776,0.578870968,3.794900917,1539.900158,0.815169499,71188082112,,,4100,4.68948117,7.432884312,7401808,89.15704437,-40000,106965625.9,44.93614116,52.96418082,2.099678026,23.3414789,33.42093408,54,17351822,,,1248,49879,43.521,11.75699997,30.5720005,26,36,19,,,,221,11.31,14,26,5,20,441,,11.867,20591,,,20591,13.376,22722,9.76
Zimbabwe,ZWE,3444,54.6,2.166666667,3.7,2.8,1.8,69.9509964,63.05199814,64.73900127,11.36400032,28.13100052,25.58399963,1.40632166,1.861989658,6.159189798,2146.996385,4.672029259,43554746133,,,3020,,,7040147,89.40486891,-584288,1856034930,42.40106624,54.65941011,2.939523653,37.32459093,32.57634449,25.1,14439018,,,,7797,32.209,25.10199928,44.72200012,36,46,31,,16,,15888,8.49,37,49,31,17,644,1126,2.096,3026,1863,619,544,19.346,27934,12.44