Data Source,World Development Indicators,,,,,,,,,,,,,,,,,,,,,,,,,,,,,,,,,,,,,,,,,,,,,,,,,,,,,,,,,,,,,,
,,,,,,,,,,,,,,,,,,,,,,,,,,,,,,,,,,,,,,,,,,,,,,,,,,,,,,,,,,,,,,,
Last Updated Date,4/9/20,,,,,,,,,,,,,,,,,,,,,,,,,,,,,,,,,,,,,,,,,,,,,,,,,,,,,,,,,,,,,,
,,,,,,,,,,,,,,,,,,,,,,,,,,,,,,,,,,,,,,,,,,,,,,,,,,,,,,,,,,,,,,,
Country Name,Country Code,Indicator Name,Indicator Code,1960,1961,1962,1963,1964,1965,1966,1967,1968,1969,1970,1971,1972,1973,1974,1975,1976,1977,1978,1979,1980,1981,1982,1983,1984,1985,1986,1987,1988,1989,1990,1991,1992,1993,1994,1995,1996,1997,1998,1999,2000,2001,2002,2003,2004,2005,2006,2007,2008,2009,2010,2011,2012,2013,2014,2015,2016,2017,2018,2019
Aruba,ABW,Fixed broadband subscriptions (per 100 people),IT.NET.BBND.P2,,,,,,,,,,,,,,,,,,,,,,,,,,,,,,,,,,,,,,,,,,,,1.442015317,7.052067614,12.27019624,13.83759446,15.8028887,18.14952939,18.53038293,18.90153341,,,18.61204548,18.50174417,18.20952454,,,,
Afghanistan,AFG,Fixed broadband subscriptions (per 100 people),IT.NET.BBND.P2,,,,,,,,,,,,,,,,,,,,,,,,,,,,,,,,,,,,,,,,,,,,,0.000808843,0.000857557,0.001891571,0.001844982,0.001803604,0.00352177,0.005139537,,0.004813651,0.004648339,0.004494948,0.020535484,0.024873504,0.046313499,0.043040552,
Angola,AGO,Fixed broadband subscriptions (per 100 people),IT.NET.BBND.P2,,,,,,,,,,,,,,,,,,,,,,,,,,,,,,,,,,,,,,,,,,,,,,,0.037012589,0.0559665,0.073480222,0.066624379,0.064222649,0.06530375,0.081695302,0.085648015,0.325702323,0.550742009,0.293747187,0.325048666,0.355604536,
Albania,ALB,Fixed broadband subscriptions (per 100 people),IT.NET.BBND.P2,,,,,,,,,,,,,,,,,,,,,,,,,,,,,,,,,,,,,,,,,,,,,,0.008811686,,0.329598108,2.131430676,3.094467361,3.579992422,4.377871687,5.493573307,6.286818262,7.180321133,8.402314745,9.228640975,10.52684499,12.55565885,
Andorra,AND,Fixed broadband subscriptions (per 100 people),IT.NET.BBND.P2,,,,,,,,,,,,,,,,,,,,,,,,,,,,,,,,,,,,,,,,,,,1.638852803,4.920608893,8.239336866,13.11194796,18.04600398,22.40578588,24.65002027,27.16100541,29.01396109,30.762893,32.64100355,34.33530592,36.31979599,39.34573329,42.03267915,44.52409709,46.31197569,
Arab World,ARB,Fixed broadband subscriptions (per 100 people),IT.NET.BBND.P2,,,,,,,,,,,,,,,,,,,,,,,,,,,,,,,,,,,,,,,,,,,,,0.146410109,0.308235376,0.493235369,0.873787503,1.275191296,1.96522045,2.101043191,2.675679196,3.038053592,2.803616615,3.346018341,5.105082392,5.545879065,6.965192534,7.551746144,
United Arab Emirates,ARE,Fixed broadband subscriptions (per 100 people),IT.NET.BBND.P2,,,,,,,,,,,,,,,,,,,,,,,,,,,,,,,,,,,,,,,,0.012373425,0.062953445,0.253548667,0.478099056,0.817013889,1.379993462,2.818519144,4.539850956,6.156751077,7.864842689,8.720368324,9.202562623,9.690282881,10.44662223,11.32794298,11.84873307,13.32678751,13.86163628,29.11110893,31.40460882,
Argentina,ARG,Fixed broadband subscriptions (per 100 people),IT.NET.BBND.P2,,,,,,,,,,,,,,,,,,,,,,,,,,,,,,,,,,,,,,,,,,0.252175334,0.392763085,0.679610106,1.410369414,2.382751765,4.030842244,6.551710192,7.771278857,8.672885869,9.850015718,11.0647814,12.33040075,14.81423726,15.29042819,15.91589272,16.60166322,17.84999661,19.10152239,
Armenia,ARM,Fixed broadband subscriptions (per 100 people),IT.NET.BBND.P2,,,,,,,,,,,,,,,,,,,,,,,,,,,,,,,,,,,,,,,,,,0.000196677,0.00026368,0.000331353,0.033325335,0.066750099,,0.132986976,0.474580911,1.381119438,3.252541689,5.582161612,7.352142718,8.388287086,9.369734814,9.786833464,10.18921762,10.7076869,11.7709355,
American Samoa,ASM,Fixed broadband subscriptions (per 100 people),IT.NET.BBND.P2,,,,,,,,,,,,,,,,,,,,,,,,,,,,,,,,,,,,,,,,,,,,,,,,,,,,,,,,,,,,
Antigua and Barbuda,ATG,Fixed broadband subscriptions (per 100 people),IT.NET.BBND.P2,,,,,,,,,,,,,,,,,,,,,,,,,,,,,,,,,,,,,,,,,,,,,2.068810994,7.120849445,1.863271426,2.696784329,5.838612598,18.46079358,8.087199527,6.72246311,14.45652535,17.09755671,11.61815864,10.68764295,9.7972008,9.431391864,,
Australia,AUS,Fixed broadband subscriptions (per 100 people),IT.NET.BBND.P2,,,,,,,,,,,,,,,,,,,,,,,,,,,,,,,,,,,,,,,,,,0.639760867,1.330318563,2.633487711,5.090633139,9.990812021,19.00001184,,24.91529036,24.00365852,24.8705928,24.63395046,25.03935129,25.71929639,27.69911237,28.53023892,30.39231558,32.22339821,30.68500827,
Austria,AUT,Fixed broadband subscriptions (per 100 people),IT.NET.BBND.P2,,,,,,,,,,,,,,,,,,,,,,,,,,,,,,,,,,,,,,,,0.632210727,2.360806595,3.959125426,5.54434666,7.350915843,10.58805704,14.22400998,17.2835331,19.50987865,20.72760735,22.43639807,24.38064725,24.81457091,25.05461216,26.092224,27.38179226,28.2935384,28.84661223,28.47197491,28.35440316,
Azerbaijan,AZE,Fixed broadband subscriptions (per 100 people),IT.NET.BBND.P2,,,,,,,,,,,,,,,,,,,,,,,,,,,,,,,,,,,,,,,,,,,0.012081583,,,0.025577949,0.04582773,0.167349763,0.680127678,1.120525015,5.262076415,10.64771177,14.78294152,18.24285161,19.96786744,19.73923241,18.52561662,18.3357575,19.00503511,
Burundi,BDI,Fixed broadband subscriptions (per 100 people),IT.NET.BBND.P2,,,,,,,,,,,,,,,,,,,,,,,,,,,,,,,,,,,,,,,,,,,,,,,,,0.001968964,0.001905291,0.004057355,0.005547862,0.007592482,0.016079174,0.017268878,0.035816823,0.037614434,0.036150301,0.03521135,
Belgium,BEL,Fixed broadband subscriptions (per 100 people),IT.NET.BBND.P2,,,,,,,,,,,,,,,,,,,,,,,,,,,,,,,,,,,,,,,0.106707834,0.224277339,1.402592269,4.457894689,7.867120571,11.92939997,15.45730835,19.06329508,23.08574576,25.51629473,27.67016385,29.03572211,30.83667139,32.17547029,33.3052753,34.32772916,35.74653262,36.50842403,37.60922178,38.34561848,39.21686286,
Benin,BEN,Fixed broadband subscriptions (per 100 people),IT.NET.BBND.P2,,,,,,,,,,,,,,,,,,,,,,,,,,,,,,,,,,,,,,,,,,,0.000287853,0.000279235,0.001045161,0.002455456,0.018230726,0.008397604,0.096861866,0.213098069,0.293871496,0.396741047,0.429231485,0.424575078,0.441525117,0.692731964,0.20509447,0.256058103,0.235384383,
Burkina Faso,BFA,Fixed broadband subscriptions (per 100 people),IT.NET.BBND.P2,,,,,,,,,,,,,,,,,,,,,,,,,,,,,,,,,,,,,,,,,,,0.000406732,0.001145826,0.001181836,0.002860989,0.012401317,0.047235406,0.069885583,0.078904449,0.087823194,0.087446064,0.086462985,0.075922001,0.030751682,0.051649242,0.066415118,0.064402904,0.069959364,
Bangladesh,BGD,Fixed broadband subscriptions (per 100 people),IT.NET.BBND.P2,,,,,,,,,,,,,,,,,,,,,,,,,,,,,,,,,,,,,,,,,,,,,,,,0.030639201,0.034649034,0.217028913,0.280920069,0.313854189,0.397641178,0.998501467,2.001827212,3.131355825,4.173005954,4.571801118,6.343544324,
Bulgaria,BGR,Fixed broadband subscriptions (per 100 people),IT.NET.BBND.P2,,,,,,,,,,,,,,,,,,,,,,,,,,,,,,,,,,,,,,,,,,,,,0.085878838,2.152592923,5.040904142,8.302801019,11.21135362,13.35429536,15.14776819,17.03287187,18.15851452,19.49979205,20.43832945,22.42498723,23.73603406,25.29667253,27.0001679,
Bahrain,BHR,Fixed broadband subscriptions (per 100 people),IT.NET.BBND.P2,,,,,,,,,,,,,,,,,,,,,,,,,,,,,,,,,,,,,,,,,,0.168591274,0.677416459,1.250404516,1.80226645,2.410353995,4.03039175,6.588642548,8.398937416,11.77249392,12.4842448,22.80802503,22.72305576,22.81746092,21.52364201,18.44522474,16.29866067,14.31520217,11.76230339,
"Bahamas, The",BHS,Fixed broadband subscriptions (per 100 people),IT.NET.BBND.P2,,,,,,,,,,,,,,,,,,,,,,,,,,,,,,,,,,,,,,,,,,1.367730935,2.45075733,3.494087101,4.0148137,4.119325615,5.011887032,6.076072427,7.419671149,9.035651766,6.959446896,4.309496132,21.43383647,19.74295216,20.82059612,21.65064163,22.52480618,22.75490825,22.57744978,
Bosnia and Herzegovina,BIH,Fixed broadband subscriptions (per 100 people),IT.NET.BBND.P2,,,,,,,,,,,,,,,,,,,,,,,,,,,,,,,,,,,,,,,,,0.000719774,0.001810672,0.005665817,0.039870575,0.176319286,0.363898951,1.062297367,2.250752501,5.019882688,7.819000208,10.54931733,11.7516098,13.02082235,14.56848433,15.57692832,18.51619004,19.56337748,19.80928085,20.86551291,
Belarus,BLR,Fixed broadband subscriptions (per 100 people),IT.NET.BBND.P2,,,,,,,,,,,,,,,,,,,,,,,,,,,,,,,,,,,,,,,,,,,0.000205214,0.001270762,0.007798987,0.01635626,0.119986765,1.79110523,5.056461778,11.57926852,17.69139545,22.28355489,26.88573466,29.56269142,28.46079751,30.75926357,32.47559748,33.47310769,33.86912852,
Belize,BLZ,Fixed broadband subscriptions (per 100 people),IT.NET.BBND.P2,,,,,,,,,,,,,,,,,,,,,,,,,,,,,,,,,,,,,,,,,,,,0.348891157,1.022408356,1.769556025,2.486879095,2.501463088,2.62268474,2.650522,2.764649697,2.936678809,2.950591716,2.863630447,2.801627774,4.81502107,4.987513572,5.057894611,6.436926836,
Bermuda,BMU,Fixed broadband subscriptions (per 100 people),IT.NET.BBND.P2,,,,,,,,,,,,,,,,,,,,,,,,,,,,,,,,,,,,,,,,,,,,,,27.90195753,35.68862456,43.54972856,51.50081145,60.9069038,61.32529936,,,62.28062001,54.2392204,47.10167682,35.97897794,36.17503846,,
Bolivia,BOL,Fixed broadband subscriptions (per 100 people),IT.NET.BBND.P2,,,,,,,,,,,,,,,,,,,,,,,,,,,,,,,,,,,,,,,,,,,0.038088423,0.064452213,0.096184392,0.14051744,0.187207717,0.355465992,0.81586561,0.972545573,0.95484043,0.720085491,1.124606318,1.461700715,1.613811476,1.664723963,2.606905809,3.394987249,4.4401541,
Brazil,BRA,Fixed broadband subscriptions (per 100 people),IT.NET.BBND.P2,,,,,,,,,,,,,,,,,,,,,,,,,,,,,,,,,,,,,,,0.000588979,0.004062241,0.0572114,0.186798742,0.407157234,0.53146472,1.71595369,1.737414889,2.533386822,4.002227039,5.216317824,6.049928446,7.204858261,9.028728397,9.594011307,10.62528321,11.82082759,12.46258988,13.02890048,13.90912537,14.91053848,
Barbados,BRB,Fixed broadband subscriptions (per 100 people),IT.NET.BBND.P2,,,,,,,,,,,,,,,,,,,,,,,,,,,,,,,,,,,,,,,,,,,,9.958480511,10.76342977,11.55966025,13.98314095,16.91173305,17.58053339,20.38569355,19.91628003,22.1331722,23.57552494,23.84767988,27.29034568,27.4316216,30.4017551,31.21244305,31.16790689,
Brunei Darussalam,BRN,Fixed broadband subscriptions (per 100 people),IT.NET.BBND.P2,,,,,,,,,,,,,,,,,,,,,,,,,,,,,,,,,,,,,,,,,,0.5575913,0.795023963,1.086350423,1.742188391,2.225606249,2.420981843,3.098155828,4.451783112,5.217162535,5.583229983,5.889181281,4.974823867,6.81393894,7.384404384,8.29704006,8.604097189,9.675998238,11.52826701,
Bhutan,BTN,Fixed broadband subscriptions (per 100 people),IT.NET.BBND.P2,,,,,,,,,,,,,,,,,,,,,,,,,,,,,,,,,,,,,,,,,,,,,,,,,0.306724259,0.497992844,1.265494097,1.90870304,2.389745446,2.883685305,3.473865003,3.829498431,2.23820021,2.240856909,1.43188916,
Botswana,BWA,Fixed broadband subscriptions (per 100 people),IT.NET.BBND.P2,,,,,,,,,,,,,,,,,,,,,,,,,,,,,,,,,,,,,,,,,,,,,,0.088934443,0.098044129,0.188753793,0.464596931,0.511902239,0.602786466,0.948941725,1.090237287,1.046763518,1.593876908,1.737384921,2.734212777,1.47087634,1.776521383,
Central African Republic,CAF,Fixed broadband subscriptions (per 100 people),IT.NET.BBND.P2,,,,,,,,,,,,,,,,,,,,,,,,,,,,,,,,,,,,,,,,,,,,,,,,,,,,0.018331445,0.013637134,,,0.041351652,0.016219721,0.013468166,0.013029405,
Canada,CAN,Fixed broadband subscriptions (per 100 people),IT.NET.BBND.P2,,,,,,,,,,,,,,,,,,,,,,,,,,,,,,,,,,,,,,,0.466323561,1.92063266,4.612640034,9.183916113,11.27388014,14.33242226,17.0231523,21.77568932,24.72263335,27.55877068,29.52309639,30.49241878,31.67752464,32.66605015,33.47432552,34.26529941,35.23968495,36.40462417,36.79332821,37.90637316,38.96365923,
Central Europe and the Baltics,CEB,Fixed broadband subscriptions (per 100 people),IT.NET.BBND.P2,,,,,,,,,,,,,,,,,,,,,,,,,,,,,,,,,,,,,,,,,,0.09337557,0.421324863,0.956957874,2.031190357,3.582565777,7.775038631,11.46845652,13.4517403,15.91394993,17.18550208,19.29365003,19.99448049,21.10490742,21.87804225,22.55795284,23.35251295,24.43555905,23.79171324,
Switzerland,CHE,Fixed broadband subscriptions (per 100 people),IT.NET.BBND.P2,,,,,,,,,,,,,,,,,,,,,,,,,,,,,,,,,,,,,,,,,0.789724068,1.950086424,6.304656945,10.78474522,16.75916271,22.59724623,27.48988396,31.5854277,33.53478981,35.53584712,37.31128521,38.93184665,40.11446287,42.39913339,43.09024053,44.60242685,45.05910977,46.31990051,46.42094273,
Channel Islands,CHI,Fixed broadband subscriptions (per 100 people),IT.NET.BBND.P2,,,,,,,,,,,,,,,,,,,,,,,,,,,,,,,,,,,,,,,,,,,,,,,,,,,,,,,,,,,,
Chile,CHL,Fixed broadband subscriptions (per 100 people),IT.NET.BBND.P2,,,,,,,,,,,,,,,,,,,,,,,,,,,,,,,,,,,,,,,,,0.050057511,0.430023937,1.201537144,2.222345323,2.990220838,4.378522005,6.1857333,7.878370461,8.541752228,9.79899191,10.48704014,11.67049717,12.44992413,13.0618791,14.01949855,15.13376135,15.95128317,16.57996326,17.35624022,
China,CHN,Fixed broadband subscriptions (per 100 people),IT.NET.BBND.P2,,,,,,,,,,,,,,,,,,,,,,,,,,,,,,,,,,,,,,,,,0.001755839,0.02588502,0.252303079,0.852959779,1.884961039,2.806632321,3.799512213,4.93419774,6.122995604,7.638872763,9.22969172,11.36849026,12.6558438,13.5721864,14.32580171,19.69267651,22.81370164,27.73989833,28.53518942,
Cote d'Ivoire,CIV,Fixed broadband subscriptions (per 100 people),IT.NET.BBND.P2,,,,,,,,,,,,,,,,,,,,,,,,,,,,,,,,,,,,,,,,,,,,0.002346643,0.004596423,0.006750383,0.053319354,0.052161475,0.051005916,0.049852569,,,0.214259977,0.254809235,0.56013233,0.472342739,0.572478854,0.584450845,0.701728773,
Cameroon,CMR,Fixed broadband subscriptions (per 100 people),IT.NET.BBND.P2,,,,,,,,,,,,,,,,,,,,,,,,,,,,,,,,,,,,,,,,,,,,,,0.001139093,0.002310182,0.003416927,0.004466914,0.00454777,0.029270584,0.051242711,0.064444167,0.076549237,0.074204699,0.087761512,0.192146373,0.068244526,0.071330939,
"Congo, Dem. Rep.",COD,Fixed broadband subscriptions (per 100 people),IT.NET.BBND.P2,,,,,,,,,,,,,,,,,,,,,,,,,,,,,,,,,,,,,,,,,,,,,,,,,,,0,,,0.000630616,0.000677806,0.001311569,0.001269211,0.00122852,0.005495545,
"Congo, Rep.",COG,Fixed broadband subscriptions (per 100 people),IT.NET.BBND.P2,,,,,,,,,,,,,,,,,,,,,,,,,,,,,,,,,,,,,,,,,,,,,,,,,,0.003015397,0.00584969,0.02983041,0.030863383,0.009474855,0.010555257,,,,,
Colombia,COL,Fixed broadband subscriptions (per 100 people),IT.NET.BBND.P2,,,,,,,,,,,,,,,,,,,,,,,,,,,,,,,,,,,,,,,,,0.022387099,0.034355155,0.085352153,0.155327846,0.30210366,0.747245052,1.453851757,2.759850377,4.004268447,4.72576413,5.84448297,7.332326999,8.548227073,9.759270646,10.70649708,11.62812593,12.27392136,12.94429123,13.44825224,
Comoros,COM,Fixed broadband subscriptions (per 100 people),IT.NET.BBND.P2,,,,,,,,,,,,,,,,,,,,,,,,,,,,,,,,,,,,,,,,,,,,,0.00016744,0.000653993,,0.01278015,0.016736936,0.009803164,0.047702453,0.056611598,0.170334217,0.175319115,0.208456788,0.205807899,0.205381653,0.201992402,0.183943234,
Cabo Verde,CPV,Fixed broadband subscriptions (per 100 people),IT.NET.BBND.P2,,,,,,,,,,,,,,,,,,,,,,,,,,,,,,,,,,,,,,,,,,,,,0.061977544,0.202361824,0.386640237,0.806845451,1.534807692,2.254500474,3.262127172,4.276175337,3.929458569,4.143054785,3.680699866,3.157355124,2.925937501,2.789405728,2.879358255,
Costa Rica,CRI,Fixed broadband subscriptions (per 100 people),IT.NET.BBND.P2,,,,,,,,,,,,,,,,,,,,,,,,,,,,,,,,,,,,,,,,,,,0.21919445,0.357296125,0.661064505,1.048045247,1.91758572,2.156822324,2.463274051,4.040356225,8.656964751,9.060526828,9.568984642,10.22505397,10.76734852,11.52389824,13.04433552,15.031271,16.69754679,
Caribbean small states,CSS,Fixed broadband subscriptions (per 100 people),IT.NET.BBND.P2,,,,,,,,,,,,,,,,,,,,,,,,,,,,,,,,,,,,,,,,,,,0.416715323,0.987274319,1.54518001,2.058902962,3.097216383,3.709065175,4.845312778,6.269078177,6.785085655,7.095663185,8.868661727,9.46773697,10.50218291,12.42187297,13.36914381,13.72033906,15.32391925,
Cuba,CUB,Fixed broadband subscriptions (per 100 people),IT.NET.BBND.P2,,,,,,,,,,,,,,,,,,,,,,,,,,,,,,,,,,,,,,,,,,,,,,,,0.017296053,0.019987593,0.025679832,0.033013143,0.039344393,0.04453188,0.047506262,0.068922492,0.072027883,0.127285996,0.295751378,0.871730745,
Curacao,CUW,Fixed broadband subscriptions (per 100 people),IT.NET.BBND.P2,,,,,,,,,,,,,,,,,,,,,,,,,,,,,,,,,,,,,,,,,,,,,,,,,,,,20.87778617,22.98326411,23.59784175,24.40507,25.02392913,26.5212478,30.46229251,31.84968541,
Cayman Islands,CYM,Fixed broadband subscriptions (per 100 people),IT.NET.BBND.P2,,,,,,,,,,,,,,,,,,,,,,,,,,,,,,,,,,,,,,,,,,,,,,,,,32.56185452,33.07002639,33.26510446,32.50976191,32.77757047,33.9301208,38.56987904,44.36361869,39.21270917,49.27581963,,
Cyprus,CYP,Fixed broadband subscriptions (per 100 people),IT.NET.BBND.P2,,,,,,,,,,,,,,,,,,,,,,,,,,,,,,,,,,,,,,,,,,0.354358611,0.823735463,1.387882141,2.328785812,4.28172043,8.323525531,12.57251417,18.48111432,21.48992797,23.15491784,24.6112529,25.47407322,26.71270396,28.76162928,30.72497937,32.57873187,34.21499653,36.27192779,
Czech Republic,CZE,Fixed broadband subscriptions (per 100 people),IT.NET.BBND.P2,,,,,,,,,,,,,,,,,,,,,,,,,,,,,,,,,,,,,,,,,0.024296913,0.060364085,0.149235374,0.338798117,2.304774705,6.912180314,10.80242448,14.45053834,16.87809213,19.413424,21.46040086,23.7457622,25.11016376,26.97925752,28.27672043,27.79469536,28.91055035,29.56565123,30.21688169,
Germany,DEU,Fixed broadband subscriptions (per 100 people),IT.NET.BBND.P2,,,,,,,,,,,,,,,,,,,,,,,,,,,,,,,,,,,,,,,,,0.325549298,2.578145904,3.93082137,5.476975994,8.573548443,13.21867362,18.38319724,24.3010917,28.01446411,30.85860573,32.3678342,33.7108193,34.52611171,35.2844895,36.30777257,37.54542249,38.76437445,40.21768674,41.11294951,
Djibouti,DJI,Fixed broadband subscriptions (per 100 people),IT.NET.BBND.P2,,,,,,,,,,,,,,,,,,,,,,,,,,,,,,,,,,,,,,,,,0.000557426,0.000682114,0.000803275,,,0.005362245,0.019130012,0.135576218,0.300235926,0.638421498,0.95905965,1.323924589,1.717125292,2.004431146,2.236798914,2.643893334,2.61270977,2.583309589,2.660067597,
Dominica,DMA,Fixed broadband subscriptions (per 100 people),IT.NET.BBND.P2,,,,,,,,,,,,,,,,,,,,,,,,,,,,,,,,,,,,,,,,,0.114860014,0.251216606,3.204605009,3.781740371,4.621920377,4.816614487,6.080488702,7.062645667,9.883236619,10.30331259,11.72578233,11.71385865,11.9777355,15.02055875,15.17197721,21.29581501,21.71876534,21.58330768,16.07539267,
Denmark,DNK,Fixed broadband subscriptions (per 100 people),IT.NET.BBND.P2,,,,,,,,,,,,,,,,,,,,,,,,,,,,,,,,,,,,,,,,,1.254401169,4.441904554,8.399659693,13.33401275,18.83470322,24.78658916,31.87409699,34.80015525,36.48199102,36.6009227,38.02817865,38.38895657,38.84481696,40.3040539,41.34318445,42.27616351,43.09670097,43.82182359,44.05932693,
Dominican Republic,DOM,Fixed broadband subscriptions (per 100 people),IT.NET.BBND.P2,,,,,,,,,,,,,,,,,,,,,,,,,,,,,,,,,,,,,,,,,,,,0.169485455,0.415145495,0.66694829,1.115994188,1.860526675,2.528188876,3.295412623,4.02785071,4.319880618,4.86989317,5.241767905,5.902461372,6.673102061,7.379997251,7.480740227,7.478850615,
Algeria,DZA,Fixed broadband subscriptions (per 100 people),IT.NET.BBND.P2,,,,,,,,,,,,,,,,,,,,,,,,,,,,,,,,,,,,,,,,,,,,0.055789463,0.110118134,0.40724321,0.505335721,0.840106639,1.39646274,2.315058456,2.501566606,2.675159149,3.08889162,3.35604493,4.109815688,5.712209454,7.051711073,7.756293558,7.262935415,
East Asia & Pacific (excluding high income),EAP,Fixed broadband subscriptions (per 100 people),IT.NET.BBND.P2,,,,,,,,,,,,,,,,,,,,,,,,,,,,,,,,,,,,,,,,,0.00177489,0.021804174,0.195617989,0.632716825,1.399985673,2.053153937,2.80600015,3.714154617,4.655935832,5.879388047,7.336652345,8.62643698,9.874859901,10.58845327,11.1841421,14.70581221,16.9805106,20.53514413,21.40874181,
Early-demographic dividend,EAR,Fixed broadband subscriptions (per 100 people),IT.NET.BBND.P2,,,,,,,,,,,,,,,,,,,,,,,,,,,,,,,,,,,,,,,,,,0.019588379,0.053423755,0.105661121,0.206868108,0.36389411,0.560773023,0.812685899,1.142082874,1.478307616,1.751691059,2.033107861,2.354730108,2.51230327,2.733279375,3.144471528,3.458014981,3.689490771,4.230361074,
East Asia & Pacific,EAS,Fixed broadband subscriptions (per 100 people),IT.NET.BBND.P2,,,,,,,,,,,,,,,,,,,,,,,,,,,,,,,,,,,,,,,,,0.321039362,0.739899878,1.372659037,2.097007501,3.109127748,3.919806627,4.92432469,5.751167275,6.896632757,8.145584176,9.658559689,10.81741512,12.05172146,12.76565218,13.38743719,16.48928793,18.61584064,21.86988189,22.6849008,
Europe & Central Asia (excluding high income),ECA,Fixed broadband subscriptions (per 100 people),IT.NET.BBND.P2,,,,,,,,,,,,,,,,,,,,,,,,,,,,,,,,,,,,,,,,,,,0.018716332,0.240872633,0.444857689,1.032523032,2.117121902,3.620811546,5.574611785,7.176080201,8.812528379,9.955445546,11.45394414,12.8538549,13.46394964,14.76796272,15.51109882,17.03592287,18.60299069,
Europe & Central Asia,ECS,Fixed broadband subscriptions (per 100 people),IT.NET.BBND.P2,,,,,,,,,,,,,,,,,,,,,,,,,,,,,,,,,,,,,,,,,,,1.892234976,3.192090351,5.498947354,7.685865569,10.68852345,13.37364205,15.546317,17.36724937,18.99336139,20.31909852,21.50208915,22.7566996,23.62572061,24.79780251,25.69833499,26.98426778,28.08096878,
Ecuador,ECU,Fixed broadband subscriptions (per 100 people),IT.NET.BBND.P2,,,,,,,,,,,,,,,,,,,,,,,,,,,,,,,,,,,,,,,,,,0.020310241,0.049446626,0.051728995,0.085463875,0.193738583,0.327183609,0.69946911,1.073203089,1.632774313,1.474373959,4.322540109,5.452361982,6.738530969,8.272569183,9.175858406,8.861838095,10.03125879,11.43506241,
"Egypt, Arab Rep.",EGY,Fixed broadband subscriptions (per 100 people),IT.NET.BBND.P2,,,,,,,,,,,,,,,,,,,,,,,,,,,,,,,,,,,,,,,,,,,0.071255465,0.075316408,0.106801653,0.186695361,0.336299833,0.610276142,0.966576971,1.328023273,1.753995092,2.182970932,2.648361024,3.027287729,3.392745005,4.139230391,4.731924302,5.4269301,6.685146788,
Euro area,EMU,Fixed broadband subscriptions (per 100 people),IT.NET.BBND.P2,,,,,,,,,,,,,,,,,,,,,,,,,,,,,,,,,,,,,,,,,0.450908253,1.69460285,3.253185414,5.434783683,9.160874803,13.2084514,17.46912068,21.45968593,24.10792951,26.28089676,27.99050001,29.24537843,30.22115964,31.26919094,32.45733647,33.64054837,34.81342863,36.03149694,36.95686332,
Eritrea,ERI,Fixed broadband subscriptions (per 100 people),IT.NET.BBND.P2,,,,,,,,,,,,,,,,,,,,,,,,,,,,,,,,,,,,,,,,,,,,,,,,,0.001436604,0.002243647,0.003721887,0.004387095,0.005692133,0.004449254,0.006039652,0.01495744,0.01776958,0.029300655,,
Spain,ESP,Fixed broadband subscriptions (per 100 people),IT.NET.BBND.P2,,,,,,,,,,,,,,,,,,,,,,,,,,,,,,,,,,,,,,,,,0.187038482,1.129250897,2.975926408,4.98147111,7.853939004,11.43867178,15.06668054,17.7326521,19.83111524,21.03874403,22.69793654,23.71878361,24.48744939,26.10678906,27.80150894,29.01724261,30.26250082,31.44484622,32.50380176,
Estonia,EST,Fixed broadband subscriptions (per 100 people),IT.NET.BBND.P2,,,,,,,,,,,,,,,,,,,,,,,,,,,,,,,,,,,,,,,,,,1.255559627,3.362907635,6.577274969,10.17017891,13.21877065,18.2901117,19.70912656,21.98835437,23.4725533,26.11536212,26.28181326,26.41458812,27.36399047,28.18624043,29.20411305,30.1247237,31.09671894,33.34797267,
Ethiopia,ETH,Fixed broadband subscriptions (per 100 people),IT.NET.BBND.P2,,,,,,,,,,,,,,,,,,,,,,,,,,,,,,,,,,,,,,,,,,,,7.90E-05,4.71E-05,7.99E-05,0.00033253,0.001284175,0.00180423,0.004104,0.004686218,0.007047931,0.00920444,0.249583277,0.480440931,0.474039598,0.539557259,0.059163576,,
European Union,EUU,Fixed broadband subscriptions (per 100 people),IT.NET.BBND.P2,,,,,,,,,,,,,,,,,,,,,,,,,,,,,,,,,,,,,,,,,0.438539309,1.385367892,2.799396822,4.81083948,8.13267206,12.13169367,16.45300255,20.32971567,22.80913256,24.80179187,26.41532029,27.91856363,28.88133971,30.04260468,31.11779141,32.2293226,33.30806713,34.46098785,35.02333691,
Fragile and conflict affected situations,FCS,Fixed broadband subscriptions (per 100 people),IT.NET.BBND.P2,,,,,,,,,,,,,,,,,,,,,,,,,,,,,,,,,,,,,,,,,,,,,,,,0.0779948,0.097095218,0.167059465,0.187119455,,,0.461557378,0.761532651,0.478124664,0.561900662,1.544468069,1.581763688,
Finland,FIN,Fixed broadband subscriptions (per 100 people),IT.NET.BBND.P2,,,,,,,,,,,,,,,,,,,,,,,,,,,,,,,,,,,,,,,,,0.674639752,2.576686715,5.246130811,9.395279556,15.26085571,22.32774861,27.07726077,30.52245496,30.41668413,29.3059382,29.06193356,29.7957083,30.42788521,31.62724201,32.19863878,31.56100156,31.1402214,31.02676267,31.45271337,
Fiji,FJI,Fixed broadband subscriptions (per 100 people),IT.NET.BBND.P2,,,,,,,,,,,,,,,,,,,,,,,,,,,,,,,,,,,,,,,,,,,,,,0.851991957,1.02673125,1.375285521,1.541471632,1.502980775,2.704060627,2.692689435,1.56241872,1.262349701,1.43423821,1.465991732,1.413573376,1.3829706,1.475184016,
France,FRA,Fixed broadband subscriptions (per 100 people),IT.NET.BBND.P2,,,,,,,,,,,,,,,,,,,,,,,,,,,,,,,,,,,,,,,0.023037341,0.093689771,0.333136796,1.012896846,2.767399287,5.924127676,10.80931341,15.49571388,20.66529336,25.45692061,28.66135233,31.74141269,33.93314168,35.98259834,37.72562555,39.03368925,40.45422009,41.68450907,42.80350858,43.92180444,44.77576734,
Faroe Islands,FRO,Fixed broadband subscriptions (per 100 people),IT.NET.BBND.P2,,,,,,,,,,,,,,,,,,,,,,,,,,,,,,,,,,,,,,,,,,0.114900951,0.241356679,0.830662844,6.584033613,12.29621558,27.46903247,30.24150549,31.11250523,33.22038153,33.83736981,33.57589444,34.11993395,34.87012445,36.2030859,37.02732513,37.30928113,37.32800894,37.48891684,
"Micronesia, Fed. Sts.",FSM,Fixed broadband subscriptions (per 100 people),IT.NET.BBND.P2,,,,,,,,,,,,,,,,,,,,,,,,,,,,,,,,,,,,,,,,,,,,0.00561267,0.024384525,0.043343478,0.090157634,0.111064302,,,0.969769995,,,1.947586051,2.877724624,3.009320905,2.875289207,3.387792821,,
Gabon,GAB,Fixed broadband subscriptions (per 100 people),IT.NET.BBND.P2,,,,,,,,,,,,,,,,,,,,,,,,,,,,,,,,,,,,,,,,,,,,0.012879246,0.048013178,0.110028485,0.12327361,0.134662072,0.144875999,0.235638602,0.251333013,0.267120177,0.285766214,0.489799243,0.573309268,0.568982885,0.747955672,0.724856319,1.373063902,
United Kingdom,GBR,Fixed broadband subscriptions (per 100 people),IT.NET.BBND.P2,,,,,,,,,,,,,,,,,,,,,,,,,,,,,,,,,,,,,,,,,0.089760743,0.559769954,2.286475201,5.227715697,10.22820347,16.4189566,21.39544538,25.39412393,27.85420546,28.45395003,30.17895673,32.15914381,33.60800177,35.45456823,36.27131583,37.48319355,38.38070604,39.02955486,39.5970259,
Georgia,GEO,Fixed broadband subscriptions (per 100 people),IT.NET.BBND.P2,,,,,,,,,,,,,,,,,,,,,,,,,,,,,,,,,,,,,,,,,,0.010007031,0.021603491,0.033263119,0.04496173,0.056767331,0.644434473,1.121586074,2.706742415,3.641223898,4.450539009,6.089266475,11.39369888,12.76782356,14.88921176,16.47196462,17.21206839,19.23122017,20.99962977,
Ghana,GHA,Fixed broadband subscriptions (per 100 people),IT.NET.BBND.P2,,,,,,,,,,,,,,,,,,,,,,,,,,,,,,,,,,,,,,,,,,,,,0.00423085,0.008728083,0.056968447,0.070532303,0.097522367,0.117500602,0.210192901,0.256616272,0.262081938,0.25855351,0.257746036,0.262599956,0.304038225,0.195079471,0.20935864,
Gibraltar,GIB,Fixed broadband subscriptions (per 100 people),IT.NET.BBND.P2,,,,,,,,,,,,,,,,,,,,,,,,,,,,,,,,,,,,,,,,,,,,,,,,,,27.69849546,31.0644633,33.57134357,35.60304345,,38.54707191,46.17322741,48.62317337,51.50913188,57.03778397,
Guinea,GIN,Fixed broadband subscriptions (per 100 people),IT.NET.BBND.P2,,,,,,,,,,,,,,,,,,,,,,,,,,,,,,,,,,,,,,,,,,,,,,,,,,,0.004905724,0.005757897,0.006571517,0.007344289,0.008071038,0.008747308,0.00937093,0.009339119,0.009770995,
"Gambia, The",GMB,Fixed broadband subscriptions (per 100 people),IT.NET.BBND.P2,,,,,,,,,,,,,,,,,,,,,,,,,,,,,,,,,,,,,,,,,,,,,0.00240557,0.004599217,,0.016403959,0.017758993,0.017238615,0.019518223,0.023645305,0.02624654,0.022304696,0.135520903,0.171296252,0.174488725,0.180677532,0.194421809,
Guinea-Bissau,GNB,Fixed broadband subscriptions (per 100 people),IT.NET.BBND.P2,,,,,,,,,,,,,,,,,,,,,,,,,,,,,,,,,,,,,,,,,,,,,,,,,,,0.052541739,0.063979977,0.074954252,0.088093165,0.08242552,0.060499585,0.049707199,0.046659319,0.064237212,
Equatorial Guinea,GNQ,Fixed broadband subscriptions (per 100 people),IT.NET.BBND.P2,,,,,,,,,,,,,,,,,,,,,,,,,,,,,,,,,,,,,,,,,,,,,,0.024014889,0.022944668,0.021906152,0.020909809,0.01996453,0.125683657,0.136393161,0.143523363,0.326826227,0.345814803,0.325098753,0.278312678,0.150316719,0.123760958,
Greece,GRC,Fixed broadband subscriptions (per 100 people),IT.NET.BBND.P2,,,,,,,,,,,,,,,,,,,,,,,,,,,,,,,,,,,,,,,,,,,,0.093378272,0.457988755,1.426422995,4.364506472,9.14966047,13.64998027,17.48866166,20.69000831,22.75615498,24.94570836,27.1234207,29.49197754,32.26186355,34.0552614,35.74706347,37.6522655,
Grenada,GRD,Fixed broadband subscriptions (per 100 people),IT.NET.BBND.P2,,,,,,,,,,,,,,,,,,,,,,,,,,,,,,,,,,,,,,,,,,,0.543258004,,0.58362962,3.07851062,5.283371294,7.22502139,8.490744955,11.69403246,13.5899391,13.74021499,14.89120116,16.64047333,17.27332831,18.02662433,18.88337672,20.05429587,,
Greenland,GRL,Fixed broadband subscriptions (per 100 people),IT.NET.BBND.P2,,,,,,,,,,,,,,,,,,,,,,,,,,,,,,,,,,,,,,,,,,,,0.209846935,5.83879988,12.51602255,16.17665128,18.52723664,21.13439243,22.10548583,21.87577245,21.02666572,20.15229325,19.14418407,18.44593037,17.73772993,,21.27441086,23.32225444,
Guatemala,GTM,Fixed broadband subscriptions (per 100 people),IT.NET.BBND.P2,,,,,,,,,,,,,,,,,,,,,,,,,,,,,,,,,,,,,,,,,,,,,,0.206978788,0.291109494,0.416048464,0.674690221,1.089669839,1.77028447,,1.835545828,2.262311892,2.723906121,2.829404762,3.05130363,3.139231107,,
Guam,GUM,Fixed broadband subscriptions (per 100 people),IT.NET.BBND.P2,,,,,,,,,,,,,,,,,,,,,,,,,,,,,,,,,,,,,,,,,,1.118918677,,,,,,1.699748815,1.697728816,1.884114403,1.881538346,,,1.87024257,1.863168878,,,,,
Guyana,GUY,Fixed broadband subscriptions (per 100 people),IT.NET.BBND.P2,,,,,,,,,,,,,,,,,,,,,,,,,,,,,,,,,,,,,,,,,,,,,,0.268037949,,0.316420934,0.680755794,0.912509796,1.493523129,2.731281282,3.968895908,4.85983524,5.924310304,6.995668672,7.41578598,8.370376486,,
High income,HIC,Fixed broadband subscriptions (per 100 people),IT.NET.BBND.P2,,,,,,,,,,,,,,,,,,,,,,,,,,,,,,,,,,,,,,,,,1.67616659,3.444883503,5.721368629,8.163901974,11.33248496,15.06301278,18.52303782,21.63566368,23.54863652,24.98405661,26.29289954,27.47667771,28.40886249,29.87509516,30.67542728,31.26140834,32.16212641,33.10717262,33.58415195,
"Hong Kong SAR, China",HKG,Fixed broadband subscriptions (per 100 people),IT.NET.BBND.P2,,,,,,,,,,,,,,,,,,,,,,,,,,,,,,,,,,,,,,,0.17141988,1.325679582,6.727641547,10.74958003,15.50328085,18.85541863,22.50316774,24.5081596,26.40721662,27.7621321,28.12443375,29.65314308,31.11701124,32.81196702,32.00067605,31.53185218,31.97449917,32.67233937,36.25336886,36.380384,36.82553485,
Honduras,HND,Fixed broadband subscriptions (per 100 people),IT.NET.BBND.P2,,,,,,,,,,,,,,,,,,,,,,,,,,,,,,,,,,,,,,,,,,,,,,,,,,,0.012022887,0.675536169,0.70916782,0.784120422,1.762608802,2.165925813,2.377207133,2.52721043,3.701279642,
Heavily indebted poor countries (HIPC),HPC,Fixed broadband subscriptions (per 100 people),IT.NET.BBND.P2,,,,,,,,,,,,,,,,,,,,,,,,,,,,,,,,,,,,,,,,,,,,,,,0.026961334,0.04739344,0.068170056,0.083234758,0.084756669,0.137130309,0.155583962,0.188996115,0.258193815,0.279701581,0.343591403,0.340417977,0.452370855,
Croatia,HRV,Fixed broadband subscriptions (per 100 people),IT.NET.BBND.P2,,,,,,,,,,,,,,,,,,,,,,,,,,,,,,,,,,,,,,,,,,,,0.077468247,0.597643823,2.654144829,5.760989408,8.872356803,12.13032746,16.52408147,19.3583655,20.70054501,21.39776781,22.32428673,23.13434905,23.29894535,24.80146614,26.19934174,27.12899729,
Haiti,HTI,Fixed broadband subscriptions (per 100 people),IT.NET.BBND.P2,,,,,,,,,,,,,,,,,,,,,,,,,,,,,,,,,,,,,,,,,,,,,,,,,,,,,0,0,0,0.012603382,0.012435459,0.272254631,0.279596353,
Hungary,HUN,Fixed broadband subscriptions (per 100 people),IT.NET.BBND.P2,,,,,,,,,,,,,,,,,,,,,,,,,,,,,,,,,,,,,,,,,0.033266451,0.307884015,1.096241739,2.606272424,4.064578703,6.461362985,11.92553084,14.51006963,17.7201518,19.8477344,21.7521962,23.37476555,24.289822,26.41020272,26.31860651,27.80543475,28.85809714,30.38683232,31.7234027,
IBRD only,IBD,Fixed broadband subscriptions (per 100 people),IT.NET.BBND.P2,,,,,,,,,,,,,,,,,,,,,,,,,,,,,,,,,,,,,,,,,,0.030984278,0.135894407,0.376865362,0.864330875,1.31748035,1.90130398,2.666019871,3.501520517,4.412649014,5.379495037,6.410908049,7.14694474,7.709626765,8.161342222,10.0703501,11.25852096,13.048021,13.6594479,
IDA & IBRD total,IBT,Fixed broadband subscriptions (per 100 people),IT.NET.BBND.P2,,,,,,,,,,,,,,,,,,,,,,,,,,,,,,,,,,,,,,,,,,,0.133271094,0.357298308,0.795200125,1.09315775,1.607225973,2.120717089,2.772603478,3.5113731,4.17858316,5.212642721,5.624254039,6.007701541,6.405036084,7.800516148,8.717088762,10.08217676,10.83811237,
IDA total,IDA,Fixed broadband subscriptions (per 100 people),IT.NET.BBND.P2,,,,,,,,,,,,,,,,,,,,,,,,,,,,,,,,,,,,,,,,,,,,,,0.015356334,,0.048088917,0.080607324,0.148096471,0.200730809,0.321110135,0.359940667,0.474260022,0.705476324,0.876029066,1.066240569,1.203565013,1.613220088,
IDA blend,IDB,Fixed broadband subscriptions (per 100 people),IT.NET.BBND.P2,,,,,,,,,,,,,,,,,,,,,,,,,,,,,,,,,,,,,,,,,,,,,,0.019076107,,0.061523366,0.122507841,0.206807207,0.324504676,,0.521270396,0.577517423,0.776036992,0.929491224,1.094649195,1.254779423,1.407683522,
Indonesia,IDN,Fixed broadband subscriptions (per 100 people),IT.NET.BBND.P2,,,,,,,,,,,,,,,,,,,,,,,,,,,,,,,,,,,,,,,,,0.001891129,0.006995374,0.017620716,0.027960668,0.038023039,0.047814863,0.084758622,0.335136108,0.416852674,0.781081469,0.942925301,1.116360884,1.200635671,1.291394546,1.332663991,1.541508557,1.998572155,2.348724875,3.315312884,
IDA only,IDX,Fixed broadband subscriptions (per 100 people),IT.NET.BBND.P2,,,,,,,,,,,,,,,,,,,,,,,,,,,,,,,,,,,,,,,,,,,,,,,,0.040171708,0.055997274,0.111741372,0.133662624,0.196026429,0.264656811,0.417700756,0.666093025,0.848658331,1.051688901,1.177326887,1.735649812,
Isle of Man,IMN,Fixed broadband subscriptions (per 100 people),IT.NET.BBND.P2,,,,,,,,,,,,,,,,,,,,,,,,,,,,,,,,,,,,,,,,,,,,,,,,,,,,,,,,,,,,
India,IND,Fixed broadband subscriptions (per 100 people),IT.NET.BBND.P2,,,,,,,,,,,,,,,,,,,,,,,,,,,,,,,,,,,,,,,,,,0.004651162,0.00753752,0.012627897,0.020803392,0.117461514,0.197342519,0.264534732,0.439754556,0.636079761,0.890396797,1.067848976,1.183631838,1.165457452,1.215652255,1.293189247,1.408310236,1.333856253,1.343296766,
Not classified,INX,Fixed broadband subscriptions (per 100 people),IT.NET.BBND.P2,,,,,,,,,,,,,,,,,,,,,,,,,,,,,,,,,,,,,,,,,,,,,,,,,,,,,,,,,,,,
Ireland,IRL,Fixed broadband subscriptions (per 100 people),IT.NET.BBND.P2,,,,,,,,,,,,,,,,,,,,,,,,,,,,,,,,,,,,,,,,,,,0.271238624,1.050231202,3.748031729,7.787554546,13.27700436,17.54416147,20.18271816,21.72353966,22.39552285,23.3228384,24.13268701,25.76605129,27.20554227,28.14590241,28.96652504,29.42806429,29.6794357,
"Iran, Islamic Rep.",IRN,Fixed broadband subscriptions (per 100 people),IT.NET.BBND.P2,,,,,,,,,,,,,,,,,,,,,,,,,,,,,,,,,,,,,,,,,0.000268197,0.000994746,0.024033661,0.027450372,,,0.141733882,0.280361484,0.415969894,0.548509968,1.338822228,2.840100785,5.035343054,6.748200402,7.932819876,8.419512687,9.562818677,10.66014016,11.98789788,
Iraq,IRQ,Fixed broadband subscriptions (per 100 people),IT.NET.BBND.P2,,,,,,,,,,,,,,,,,,,,,,,,,,,,,,,,,,,,,,,,,,,,,,,9.47E-05,0.000351113,0.000190236,0.000417628,0.010480138,,,,,,,11.42900974,11.68854336,
Iceland,ISL,Fixed broadband subscriptions (per 100 people),IT.NET.BBND.P2,,,,,,,,,,,,,,,,,,,,,,,,,,,,,,,,,,,,,,,,0.029150322,0.840836557,3.684603067,8.505970301,14.43678113,19.15604045,26.44832344,29.27332177,32.77574439,34.10485884,33.87689757,34.09380385,34.49550814,34.82859003,35.9020988,36.41180302,37.68013251,38.53723292,39.94521416,40.5556067,
Israel,ISR,Fixed broadband subscriptions (per 100 people),IT.NET.BBND.P2,,,,,,,,,,,,,,,,,,,,,,,,,,,,,,,,,,,,,,,,,,0.723764148,3.755085858,10.08382107,15.32084507,18.83191599,21.27042676,22.32318569,23.98574757,23.96372535,23.98438646,25.09688665,25.43679855,25.8958135,27.13193543,27.23573007,27.84565516,28.40906334,28.75374813,
Italy,ITA,Fixed broadband subscriptions (per 100 people),IT.NET.BBND.P2,,,,,,,,,,,,,,,,,,,,,,,,,,,,,,,,,,,,,,,,,0.202849853,0.685712513,1.486468268,3.908653007,8.152939586,11.70567626,14.51493313,17.22977795,19.13757364,20.44566317,22.07834377,22.68655752,22.98510954,23.29020159,23.80827259,24.59646983,25.65528181,27.33701048,28.13997577,
Jamaica,JAM,Fixed broadband subscriptions (per 100 people),IT.NET.BBND.P2,,,,,,,,,,,,,,,,,,,,,,,,,,,,,,,,,,,,,,,,,,0.120948053,0.334219014,0.33217233,0.990820234,1.642333968,2.477593181,3.351170262,3.498466502,4.013145258,4.151811447,4.185136994,4.329355568,4.925854721,5.271188628,7.917272133,9.843247417,8.186663599,9.702584155,
Jordan,JOR,Fixed broadband subscriptions (per 100 people),IT.NET.BBND.P2,,,,,,,,,,,,,,,,,,,,,,,,,,,,,,,,,,,,,,,,,,0.00783925,0.059746054,0.091939132,0.186801867,0.40847192,0.811510897,1.419888478,2.224334467,3.452589921,4.038758175,3.870781169,3.711933381,3.854708948,3.944273844,3.34239997,3.111943687,3.391889692,4.009867021,
Japan,JPN,Fixed broadband subscriptions (per 100 people),IT.NET.BBND.P2,,,,,,,,,,,,,,,,,,,,,,,,,,,,,,,,,,,,,,,0.025173573,0.169643185,0.670190579,3.002807182,7.347876951,11.64872297,15.25468492,18.15772637,20.58737279,22.02670198,23.43083573,25.56349787,26.5296046,27.77937861,28.1353374,28.77207,29.48375616,30.37273009,31.15573635,31.78948999,32.62230968,
Kazakhstan,KAZ,Fixed broadband subscriptions (per 100 people),IT.NET.BBND.P2,,,,,,,,,,,,,,,,,,,,,,,,,,,,,,,,,,,,,,,,,,,,0.006609254,0.013095069,0.019451,0.196125486,1.721871158,2.126449278,3.598726847,5.35063421,7.236819365,9.774035498,11.50481346,12.41430847,13.09468418,13.17880684,14.24832573,13.44405762,
Kenya,KEN,Fixed broadband subscriptions (per 100 people),IT.NET.BBND.P2,,,,,,,,,,,,,,,,,,,,,,,,,,,,,,,,,,,,,,,,,,,,,,0.014741339,0.04707425,0.045825017,0.008247893,0.044496828,0.016335688,0.125396397,0.122561459,0.162882318,0.218014733,0.28218817,0.270535882,0.574066994,0.722863317,
Kyrgyz Republic,KGZ,Fixed broadband subscriptions (per 100 people),IT.NET.BBND.P2,,,,,,,,,,,,,,,,,,,,,,,,,,,,,,,,,,,,,,,,,,,0.000721229,0.002772498,0.037844773,0.045159474,0.053899182,0.060084191,0.36217081,0.325322276,0.425152237,0.707512719,0.971506923,2.376422953,2.920781339,3.549533564,3.965424993,4.16840274,5.641470615,
Cambodia,KHM,Fixed broadband subscriptions (per 100 people),IT.NET.BBND.P2,,,,,,,,,,,,,,,,,,,,,,,,,,,,,,,,,,,,,,,,,,,0.000395641,0.003259137,0.005969478,0.007533891,0.02151701,0.061769177,0.1195203,0.212862516,0.249199774,0.151291933,0.201171087,0.21727192,0.43281932,0.537991459,0.619302243,0.834715385,1.022782322,
Kiribati,KIR,Fixed broadband subscriptions (per 100 people),IT.NET.BBND.P2,,,,,,,,,,,,,,,,,,,,,,,,,,,,,,,,,,,,,,,,,,,,,,0.348767939,0.426104745,0.522133704,0.693593625,0.757951055,0.821941765,0.811626308,0.752091755,0.648808972,0.457075993,0.105471919,0.058654154,0.066574397,0.763075436,
St. Kitts and Nevis,KNA,Fixed broadband subscriptions (per 100 people),IT.NET.BBND.P2,,,,,,,,,,,,,,,,,,,,,,,,,,,,,,,,,,,,,,,,,,,1.107051921,4.371966948,9.498316208,13.87199351,18.58932381,20.0929298,23.04451593,26.7495216,29.78619226,25.48182903,26.0588931,26.42506606,27.60861858,31.98250103,27.46343826,16.64521088,,
"Korea, Rep.",KOR,Fixed broadband subscriptions (per 100 people),IT.NET.BBND.P2,,,,,,,,,,,,,,,,,,,,,,,,,,,,,,,,,,,,,,,0.030029585,0.591276037,8.168134226,16.38784071,21.67830042,23.16264242,24.58361121,25.03170926,28.72865883,29.99909248,31.46433151,33.12950792,34.70390813,35.87246407,36.4611027,37.21769222,37.93662915,39.40023682,40.31833895,41.48220183,41.59692858,
Kuwait,KWT,Fixed broadband subscriptions (per 100 people),IT.NET.BBND.P2,,,,,,,,,,,,,,,,,,,,,,,,,,,,,,,,,,,,,,,,,,0.23772371,0.491343694,0.601399132,0.908887649,1.101225532,1.263864595,1.397752972,1.506018993,1.595153569,1.537492764,1.483557761,1.403465604,1.332813064,1.300481368,1.433938082,2.562375612,2.90227137,2.509382904,
Latin America & Caribbean (excluding high income),LAC,Fixed broadband subscriptions (per 100 people),IT.NET.BBND.P2,,,,,,,,,,,,,,,,,,,,,,,,,,,,,,,,,,,,,,,,,0.03481328,0.131395782,0.286513276,0.424841822,1.143514199,1.483699872,2.276296873,3.453887279,4.777197184,5.734072999,6.522255711,7.874292237,8.33502662,9.025256213,9.716220306,10.46880711,11.0313304,11.74829206,13.13163363,
Lao PDR,LAO,Fixed broadband subscriptions (per 100 people),IT.NET.BBND.P2,,,,,,,,,,,,,,,,,,,,,,,,,,,,,,,,,,,,,,,,,,,,0.000448299,0.000883048,0.005459278,0.012675173,0.019091841,0.047894526,0.070210842,0.094172581,0.103126127,0.117588094,0.137969432,0.169991186,0.182698418,0.356800314,0.391440572,0.642624867,
Lebanon,LBN,Fixed broadband subscriptions (per 100 people),IT.NET.BBND.P2,,,,,,,,,,,,,,,,,,,,,,,,,,,,,,,,,,,,,,,,,,,0,0,0,0,0,1.048802016,2.098749964,4.093059127,6.684533059,7.734082836,8.599103729,8.117676545,18.0822719,,,,0.136965173,
Liberia,LBR,Fixed broadband subscriptions (per 100 people),IT.NET.BBND.P2,,,,,,,,,,,,,,,,,,,,,,,,,,,,,,,,,,,,,,,,,,,,,,,,,0.003048899,0.003995596,0.004779825,0.001568162,0.01267029,0.119576286,0.137630273,0.156521467,0.174414029,0.191398712,,
Libya,LBY,Fixed broadband subscriptions (per 100 people),IT.NET.BBND.P2,,,,,,,,,,,,,,,,,,,,,,,,,,,,,,,,,,,,,,,,,,,,,,,,,0.76322699,1.027064955,1.17463631,1.120459119,1.070676075,1.023675867,0.987105231,0.950405208,2.60190673,4.832295048,,
St. Lucia,LCA,Fixed broadband subscriptions (per 100 people),IT.NET.BBND.P2,,,,,,,,,,,,,,,,,,,,,,,,,,,,,,,,,,,,,,,,,,,,0.872111132,2.34834627,4.283520074,4.339071598,6.608247484,9.132938457,10.79194756,11.77068673,12.15649638,13.91087259,13.91672723,15.81583434,15.86927638,16.5455717,17.58900052,17.73884072,
Latin America & Caribbean,LCN,Fixed broadband subscriptions (per 100 people),IT.NET.BBND.P2,,,,,,,,,,,,,,,,,,,,,,,,,,,,,,,,,,,,,,,,,0.035413322,0.143386815,0.32063166,0.49693311,1.211335223,1.587966436,2.430825219,3.621900514,4.974735509,5.96054426,6.753784523,8.096880673,8.58546651,9.291790881,10.00013985,10.77769584,11.35013414,12.06444311,13.43568403,
Least developed countries: UN classification,LDC,Fixed broadband subscriptions (per 100 people),IT.NET.BBND.P2,,,,,,,,,,,,,,,,,,,,,,,,,,,,,,,,,,,,,,,,,,,,,,,,0.033193967,0.044114397,0.094909655,0.11248163,0.155229486,0.208655561,0.351051894,0.588121372,0.766401942,0.933203837,1.024275079,1.578903882,
Low income,LIC,Fixed broadband subscriptions (per 100 people),IT.NET.BBND.P2,,,,,,,,,,,,,,,,,,,,,,,,,,,,,,,,,,,,,,,,,,,,,,,,0.017109972,0.027426584,0.046014784,0.068031907,0.127132407,0.191941485,0.254827932,0.337546275,0.401229396,0.443774874,0.540666166,0.7369893,
Liechtenstein,LIE,Fixed broadband subscriptions (per 100 people),IT.NET.BBND.P2,,,,,,,,,,,,,,,,,,,,,,,,,,,,,,,,,,,,,,,,,,,4.241565572,4.389173372,13.76117497,24.82355314,28.59593938,40.32143567,43.83862874,44.73647382,42.36817247,37.45901413,39.37184214,40.65630584,41.93643715,41.88951161,42.31504594,42.9973545,44.08335532,
Sri Lanka,LKA,Fixed broadband subscriptions (per 100 people),IT.NET.BBND.P2,,,,,,,,,,,,,,,,,,,,,,,,,,,,,,,,,,,,,,,,,,0.001729086,0.003105577,0.017774622,0.105482223,0.107444425,0.116242042,0.31883308,0.510018423,0.842795401,1.126833302,1.759933587,1.724087549,2.053700118,2.730359091,2.993668413,4.244216462,5.776704617,7.274625469,
Lower middle income,LMC,Fixed broadband subscriptions (per 100 people),IT.NET.BBND.P2,,,,,,,,,,,,,,,,,,,,,,,,,,,,,,,,,,,,,,,,,,,0.012440998,0.021137044,0.037292129,0.107207513,0.214791601,0.319758062,0.516844587,0.773186702,0.965024063,1.223881622,1.330730993,1.434840779,1.617740479,1.852831505,2.115313158,2.286509043,2.651487135,
Low & middle income,LMY,Fixed broadband subscriptions (per 100 people),IT.NET.BBND.P2,,,,,,,,,,,,,,,,,,,,,,,,,,,,,,,,,,,,,,,,,,,0.126911568,0.34903157,0.773371843,1.069514484,1.539574865,2.026939894,2.674434261,3.39063677,4.055304288,5.068774403,5.487183883,5.869503545,6.262738606,7.66846504,8.588932517,9.959268052,10.73905597,
Lesotho,LSO,Fixed broadband subscriptions (per 100 people),IT.NET.BBND.P2,,,,,,,,,,,,,,,,,,,,,,,,,,,,,,,,,,,,,,,,,,,,,0.001096743,0.00225438,,0.005536201,0.00704534,0.020099179,0.020044288,0.066823436,0.081191309,0.112150178,0.073503324,0.10014468,0.107468326,0.230500676,0.273344565,
Late-demographic dividend,LTE,Fixed broadband subscriptions (per 100 people),IT.NET.BBND.P2,,,,,,,,,,,,,,,,,,,,,,,,,,,,,,,,,,,,,,,,,0.009424406,0.048143929,0.232618133,0.670570636,1.523318681,2.241096321,3.257414384,4.471918923,5.757996907,7.197868848,8.635071574,10.45752489,11.66392131,12.61503613,13.422139,17.09419933,19.27128278,22.86920652,23.56788611,
Lithuania,LTU,Fixed broadband subscriptions (per 100 people),IT.NET.BBND.P2,,,,,,,,,,,,,,,,,,,,,,,,,,,,,,,,,,,,,,,,,,0.069869373,0.580591466,1.956147043,3.816799763,6.999468942,11.16190153,17.15371067,18.36687816,20.01029279,21.74651132,23.6005154,25.24529963,27.79057301,26.9851526,28.42196816,29.68486173,28.072154,28.15668213,
Luxembourg,LUX,Fixed broadband subscriptions (per 100 people),IT.NET.BBND.P2,,,,,,,,,,,,,,,,,,,,,,,,,,,,,,,,,,,,,,,,,,0.276012158,1.313197784,3.431756095,8.078456196,15.3109588,21.24739589,27.09537496,29.50113822,31.4423989,33.15055061,32.68837123,31.9671776,32.53096432,33.68703518,34.46018552,35.06173351,36.25551182,37.12070435,
Latvia,LVA,Fixed broadband subscriptions (per 100 people),IT.NET.BBND.P2,,,,,,,,,,,,,,,,,,,,,,,,,,,,,,,,,,,,,,,,,0.011911932,0.137152228,0.42871903,0.847107008,2.156590773,2.698498619,4.92902233,15.40242456,18.98014009,21.20091291,20.5240457,21.84848181,23.01292015,24.25478873,24.98492247,25.20446279,26.29605129,26.97057091,27.27540487,
"Macao SAR, China",MAC,Fixed broadband subscriptions (per 100 people),IT.NET.BBND.P2,,,,,,,,,,,,,,,,,,,,,,,,,,,,,,,,,,,,,,,,,0.87217321,2.235019569,3.777452481,6.035661122,9.588271342,14.08902824,18.67500744,21.90200015,23.5946813,23.9631459,24.54038226,24.99146745,25.63581596,26.29084888,27.36289579,28.2250845,29.03860087,29.8754387,30.56459733,
St. Martin (French part),MAF,Fixed broadband subscriptions (per 100 people),IT.NET.BBND.P2,,,,,,,,,,,,,,,,,,,,,,,,,,,,,,,,,,,,,,,,,,,,,,,,,,,,,,,,,,,,
Morocco,MAR,Fixed broadband subscriptions (per 100 people),IT.NET.BBND.P2,,,,,,,,,,,,,,,,,,,,,,,,,,,,,,,,,,,,,,,,,,,0.006790072,0.009105901,0.214708752,0.818037796,1.272069575,1.531783497,1.563975508,1.501774855,1.559821081,1.815660024,2.07431284,2.503106638,2.9054768,3.31048391,3.574041694,3.87526241,4.309292493,
Monaco,MCO,Fixed broadband subscriptions (per 100 people),IT.NET.BBND.P2,,,,,,,,,,,,,,,,,,,,,,,,,,,,,,,,,,,,,,,,,2.48856814,8.186017863,14.94848503,19.71163997,22.70447761,28.07079751,32.17315004,35.62635771,37.27919248,38.04008403,38.75098281,44.19276038,44.59133297,45.78737704,47.69304968,48.66111671,48.89414237,50.16149198,51.24347242,
Moldova,MDA,Fixed broadband subscriptions (per 100 people),IT.NET.BBND.P2,,,,,,,,,,,,,,,,,,,,,,,,,,,,,,,,,,,,,,,,,,0.005708017,0.010004236,0.014305315,0.058277925,0.249922282,0.525581457,1.278553539,2.801605975,4.579967678,6.62630036,8.735221237,10.26836887,11.51936477,12.50046951,13.12779129,13.70884816,14.39348481,15.37866762,
Madagascar,MDG,Fixed broadband subscriptions (per 100 people),IT.NET.BBND.P2,,,,,,,,,,,,,,,,,,,,,,,,,,,,,,,,,,,,,,,,,,,,,,,0.007208584,0.012113085,0.017443076,0.022246944,0.025487385,0.031512189,0.139067856,0.165443918,0.10527816,0.097771371,0.10598782,0.098011334,0.103612351,
Maldives,MDV,Fixed broadband subscriptions (per 100 people),IT.NET.BBND.P2,,,,,,,,,,,,,,,,,,,,,,,,,,,,,,,,,,,,,,,,,,,0.06458499,0.166180459,0.230350345,1.019999499,1.915801238,3.104404047,4.471949501,4.352033684,4.252544199,4.635540546,4.546152549,4.896858224,4.561222027,5.094358287,6.163672,7.359760839,10.36851168,
Middle East & North Africa,MEA,Fixed broadband subscriptions (per 100 people),IT.NET.BBND.P2,,,,,,,,,,,,,,,,,,,,,,,,,,,,,,,,,,,,,,,,,,,0.172037559,0.327775575,,0.876170016,0.894749428,1.286333412,1.712577848,2.159715028,2.613456646,3.489541553,4.358190846,4.641850935,5.426999037,7.014454981,7.671439756,9.030834937,9.603699775,
Mexico,MEX,Fixed broadband subscriptions (per 100 people),IT.NET.BBND.P2,,,,,,,,,,,,,,,,,,,,,,,,,,,,,,,,,,,,,,,,,0.015166859,0.049851367,0.227650638,0.415567289,1.011608561,1.81345061,2.807731224,4.126043132,6.797468374,8.572678979,9.275650944,9.996993573,11.15102982,10.72808009,10.82838697,12.11053419,12.91132337,13.62465667,14.54862775,
Marshall Islands,MHL,Fixed broadband subscriptions (per 100 people),IT.NET.BBND.P2,,,,,,,,,,,,,,,,,,,,,,,,,,,,,,,,,,,,,,,,,,,,,,,,,,,,,,2.255084478,2.399482327,1.740977385,1.732051615,1.722415516,,
Middle income,MIC,Fixed broadband subscriptions (per 100 people),IT.NET.BBND.P2,,,,,,,,,,,,,,,,,,,,,,,,,,,,,,,,,,,,,,,,,,0.028712605,0.127558597,0.358595896,0.806035934,1.130371886,1.650577614,2.177092628,2.882449223,3.667159548,4.461632743,5.500593811,5.996822586,6.487306404,6.905641354,8.491614008,9.525692169,11.05235156,11.64093496,
North Macedonia,MKD,Fixed broadband subscriptions (per 100 people),IT.NET.BBND.P2,,,,,,,,,,,,,,,,,,,,,,,,,,,,,,,,,,,,,,,,,,,,,,0.603609328,1.768428665,4.866163203,8.755906822,11.25077874,12.49509234,13.5858512,15.05449125,16.30419442,17.04198,17.42971768,18.33628661,19.03437855,20.54598343,
Mali,MLI,Fixed broadband subscriptions (per 100 people),IT.NET.BBND.P2,,,,,,,,,,,,,,,,,,,,,,,,,,,,,,,,,,,,,,,,,,,,,,,0.023365233,0.023440709,0.037354102,0.056537669,0.053284683,0.054671119,0.027034645,0.017684048,,0.020064479,0.119362489,0.08318735,0.633900781,
Malta,MLT,Fixed broadband subscriptions (per 100 people),IT.NET.BBND.P2,,,,,,,,,,,,,,,,,,,,,,,,,,,,,,,,,,,,,,,,,0.420683611,2.310460023,4.433960845,5.671819767,9.344690021,12.70446531,13.03085192,20.59129292,23.98318889,27.61643729,30.38939971,30.80528783,32.18470919,33.55852738,35.22967385,37.64308895,39.27176752,41.40313701,43.6730503,
Myanmar,MMR,Fixed broadband subscriptions (per 100 people),IT.NET.BBND.P2,,,,,,,,,,,,,,,,,,,,,,,,,,,,,,,,,,,,,,,,,,,,,,0.000496426,0.008034312,0.013030649,0.020018169,0.046248418,0.045354998,0.042945156,,,,0.062491546,0.169074673,0.208995367,0.240279346,
Middle East & North Africa (excluding high income),MNA,Fixed broadband subscriptions (per 100 people),IT.NET.BBND.P2,,,,,,,,,,,,,,,,,,,,,,,,,,,,,,,,,,,,,,,,,,,,0.044673784,,,0.344260287,0.565209139,0.820884927,1.157116484,1.576950903,2.356632639,3.165134667,3.828052216,4.642407453,5.035109385,5.784792894,7.118521846,7.70794191,
Montenegro,MNE,Fixed broadband subscriptions (per 100 people),IT.NET.BBND.P2,,,,,,,,,,,,,,,,,,,,,,,,,,,,,,,,,,,,,,,,,,,,,,1.243528864,,2.881422957,6.39750853,9.524046496,10.35841576,10.34944904,14.02212725,15.28247212,16.57445603,17.92693586,18.30935619,21.89835921,25.33079328,
Mongolia,MNG,Fixed broadband subscriptions (per 100 people),IT.NET.BBND.P2,,,,,,,,,,,,,,,,,,,,,,,,,,,,,,,,,,,,,,,,,,0.002025138,0.003683586,0.020253066,0.036052045,0.071246948,0.136779874,0.285100739,1.235002268,1.498880244,2.821946133,3.394936617,3.900062945,4.848686112,6.708835186,6.938510338,7.399216847,9.155831518,9.657070685,
Northern Mariana Islands,MNP,Fixed broadband subscriptions (per 100 people),IT.NET.BBND.P2,,,,,,,,,,,,,,,,,,,,,,,,,,,,,,,,,,,,,,,,,,,,,,,,,,,,,,,,,,,,
Mozambique,MOZ,Fixed broadband subscriptions (per 100 people),IT.NET.BBND.P2,,,,,,,,,,,,,,,,,,,,,,,,,,,,,,,,,,,,,,,,,,,,,,,0.010441122,0.029377138,0.049985195,0.060048806,0.073615985,0.117308556,0.118402437,0.112876165,0.140701253,0.157421777,0.167441983,0.215159207,0.237801704,
Mauritania,MRT,Fixed broadband subscriptions (per 100 people),IT.NET.BBND.P2,,,,,,,,,,,,,,,,,,,,,,,,,,,,,,,,,,,,,,,,,,,,,,0.005422933,0.031267011,0.124901757,0.178263827,0.199651737,0.166247161,0.170063868,0.180679904,0.197302209,0.203515941,0.238192858,0.267585246,0.295079824,0.300273907,
Mauritius,MUS,Fixed broadband subscriptions (per 100 people),IT.NET.BBND.P2,,,,,,,,,,,,,,,,,,,,,,,,,,,,,,,,,,,,,,,,,,,0.023714192,0.097932661,0.210911286,0.441733776,2.271415182,2.847257736,4.23727993,5.858161353,7.526072655,9.450634652,11.2326564,12.93558017,14.4748301,15.67343361,16.84807804,19.45434516,21.63851371,
Malawi,MWI,Fixed broadband subscriptions (per 100 people),IT.NET.BBND.P2,,,,,,,,,,,,,,,,,,,,,,,,,,,,,,,,,,,,,,,,,,,,0.000574991,0.001121784,0.003199759,,0.007000551,0.007182458,0.007318719,0.007462372,0.011562536,0.008041042,0.055412851,0.052555159,0.034965029,0.050519431,0.061210413,0.062601908,
Malaysia,MYS,Fixed broadband subscriptions (per 100 people),IT.NET.BBND.P2,,,,,,,,,,,,,,,,,,,,,,,,,,,,,,,,,,,,,,,,,,0.016871146,0.079732684,0.446993032,1.002355953,1.880453524,2.866197687,3.87419785,4.880671564,5.601578364,7.436888107,8.749096322,10.04844161,9.972539546,10.24890578,10.12125085,8.860455132,8.641152836,8.551120205,
North America,NAC,Fixed broadband subscriptions (per 100 people),IT.NET.BBND.P2,,,,,,,,,,,,,,,,,,,,,,,,,,,,,,,,,,,,,,,0.277164901,1.080226264,2.715602058,4.953852042,7.346833737,10.03952056,13.19323193,17.77950985,20.67589548,24.22266925,25.82634279,26.55597344,27.78916511,28.77575883,29.86077136,30.7499757,31.15467724,32.31582576,33.13930075,33.74976422,34.32828682,
Namibia,NAM,Fixed broadband subscriptions (per 100 people),IT.NET.BBND.P2,,,,,,,,,,,,,,,,,,,,,,,,,,,,,,,,,,,,,,,,,,,,,,0.006913203,0.010044047,0.012758446,0.01566022,0.022921188,0.445283674,0.816526004,1.095917,1.60017336,1.812773074,3.041508417,2.728659855,2.737788085,2.531061336,
New Caledonia,NCL,Fixed broadband subscriptions (per 100 people),IT.NET.BBND.P2,,,,,,,,,,,,,,,,,,,,,,,,,,,,,,,,,,,,,,,,,,0.059595563,0.310446067,0.72760901,2.209693279,4.060192352,6.502313175,8.348710193,10.31840937,13.24389707,15.06585097,16.63736024,18.37692258,20.28443624,21.77493753,20.42720381,,,,
Niger,NER,Fixed broadband subscriptions (per 100 people),IT.NET.BBND.P2,,,,,,,,,,,,,,,,,,,,,,,,,,,,,,,,,,,,,,,,,,,,,0.000586626,0.001556024,0.002453342,0.003282172,0.004045661,0.006311883,0.009110773,0.012351907,0.020617908,0.034586591,0.155684622,0.135928698,0.03707285,0.040041881,,
Nigeria,NGA,Fixed broadband subscriptions (per 100 people),IT.NET.BBND.P2,,,,,,,,,,,,,,,,,,,,,,,,,,,,,,,,,,,,,,,,,,,,,,0.000360062,,0.036622939,0.045102928,0.053107426,0.062527445,,0.008538601,0.008759019,0.008922653,0.008660826,0.058039826,0.058066808,0.037761388,
Nicaragua,NIC,Fixed broadband subscriptions (per 100 people),IT.NET.BBND.P2,,,,,,,,,,,,,,,,,,,,,,,,,,,,,,,,,,,,,,,,,0.013808607,0.031173681,0.044431007,0.083199203,0.093216414,0.193686347,0.345353981,0.492839516,0.762461729,1.369378539,1.258210545,1.441494796,1.693465269,2.172172108,1.813672127,1.868930011,2.808133409,3.290979923,2.975995209,
Netherlands,NLD,Fixed broadband subscriptions (per 100 people),IT.NET.BBND.P2,,,,,,,,,,,,,,,,,,,,,,,,,,,,,,,,,,,,,,,0.479497603,,1.632531275,2.910455001,7.268405941,12.27088459,19.68419092,25.05016448,31.58253872,33.36230145,35.0372016,36.86312102,37.93701066,38.8214367,39.62638996,40.32415587,40.55640475,41.49775609,42.53368191,42.82610536,43.4167118,
Norway,NOR,Fixed broadband subscriptions (per 100 people),IT.NET.BBND.P2,,,,,,,,,,,,,,,,,,,,,,,,,,,,,,,,,,,,,,,,,0.517783946,1.957509653,4.516193179,8.725355604,14.60710615,21.40049875,26.63251868,30.87817058,33.06274823,34.56149852,35.27216603,36.08643724,37.05288839,37.61663407,38.44860193,39.43316674,40.12560396,40.88156583,41.33635646,
Nepal,NPL,Fixed broadband subscriptions (per 100 people),IT.NET.BBND.P2,,,,,,,,,,,,,,,,,,,,,,,,,,,,,,,,,,,,,,,,,,,,,,,0.00369437,0.041531191,0.045000153,0.063525872,0.22276877,0.350043378,0.854483705,1.157110359,0.931398963,1.12050584,0.822288228,1.821053846,2.81879649,
Nauru,NRU,Fixed broadband subscriptions (per 100 people),IT.NET.BBND.P2,,,,,,,,,,,,,,,,,,,,,,,,,,,,,,,,,,,,,,,,,,,,,,,,,,,9.495252374,,,,,,,,,
New Zealand,NZL,Fixed broadband subscriptions (per 100 people),IT.NET.BBND.P2,,,,,,,,,,,,,,,,,,,,,,,,,,,,,,,,,,,,,,,,,0.120704877,0.441844832,1.097596239,2.063614523,4.697902529,7.762332375,11.23298091,20.1514465,21.38681277,23.6468959,24.98820383,26.65955745,28.46620209,29.12461284,30.87009666,31.44197505,32.84852868,33.66628144,34.72389862,
OECD members,OED,Fixed broadband subscriptions (per 100 people),IT.NET.BBND.P2,,,,,,,,,,,,,,,,,,,,,,,,,,,,,,,,,,,,,,,,,1.498334114,2.983644135,4.983735331,7.184002442,10.12627912,13.64993216,16.96166807,19.99966096,22.00670554,23.46979943,24.71880216,25.84615982,26.69396617,27.51334226,28.16552709,29.22205718,30.13607197,31.02459149,31.6037382,
Oman,OMN,Fixed broadband subscriptions (per 100 people),IT.NET.BBND.P2,,,,,,,,,,,,,,,,,,,,,,,,,,,,,,,,,,,,,,,,,,,0.004154428,0.00569952,0.027315288,0.527227266,0.777484754,0.759345135,1.179477877,1.43005355,1.925276038,2.405856711,3.239652959,4.098219138,4.396612089,5.465549095,6.354835519,7.478169402,8.73873816,
Other small states,OSS,Fixed broadband subscriptions (per 100 people),IT.NET.BBND.P2,,,,,,,,,,,,,,,,,,,,,,,,,,,,,,,,,,,,,,,,,,,,,,2.150383202,,3.833028077,4.352649986,5.103876206,5.238385313,6.0444833,6.302785339,6.672145036,6.868790026,7.062568179,7.168062323,7.270629285,8.155898105,
Pakistan,PAK,Fixed broadband subscriptions (per 100 people),IT.NET.BBND.P2,,,,,,,,,,,,,,,,,,,,,,,,,,,,,,,,,,,,,,,,,,,,,,0.009107695,0.016223981,0.02690752,0.09792193,0.22311787,0.440010355,0.636140446,0.809914543,0.851248635,1.028485633,0.899175801,0.806754449,0.88004731,0.853498388,
Panama,PAN,Fixed broadband subscriptions (per 100 people),IT.NET.BBND.P2,,,,,,,,,,,,,,,,,,,,,,,,,,,,,,,,,,,,,,,,,,0.251517325,0.388512848,0.46864366,0.512210968,0.527503163,3.323971169,4.351393805,5.579596633,6.548391198,7.090699805,7.631034595,7.816712663,8.011242532,7.94770685,7.966965748,10.64955891,10.74233783,12.93361128,
Peru,PER,Fixed broadband subscriptions (per 100 people),IT.NET.BBND.P2,,,,,,,,,,,,,,,,,,,,,,,,,,,,,,,,,,,,,,,,0.000287596,0.004074083,,0.138006141,0.343077688,0.823951075,1.265413641,1.725492967,2.012554101,2.540280608,2.874562974,3.212462011,4.14076624,4.889668099,5.416849279,5.872502219,6.56189969,6.857530252,7.347014075,,
Philippines,PHL,Fixed broadband subscriptions (per 100 people),IT.NET.BBND.P2,,,,,,,,,,,,,,,,,,,,,,,,,,,,,,,,,,,,,,,,,,0.012551323,0.025809541,0.066223594,0.105063665,0.142482733,0.301551935,0.554944718,1.150377772,1.86379126,,1.874018063,2.208148996,2.602163989,2.885194853,2.839985094,2.879936428,3.232097044,3.675257165,
Palau,PLW,Fixed broadband subscriptions (per 100 people),IT.NET.BBND.P2,,,,,,,,,,,,,,,,,,,,,,,,,,,,,,,,,,,,,,,,,,,,,0.372476972,0.505535615,0.496417605,0.527194906,0.593455945,0.776592836,1.331105542,2.91913215,5.090702948,10.25218675,6.297515035,6.928955562,,,,
Papua New Guinea,PNG,Fixed broadband subscriptions (per 100 people),IT.NET.BBND.P2,,,,,,,,,,,,,,,,,,,,,,,,,,,,,,,,,,,,,,,,,,,,,,,,,0.042817,0.062325257,0.083441545,0.100372059,0.120560854,0.145087939,0.166106059,0.185007601,0.205518486,0.213319782,,
Poland,POL,Fixed broadband subscriptions (per 100 people),IT.NET.BBND.P2,,,,,,,,,,,,,,,,,,,,,,,,,,,,,,,,,,,,,,,,,,0.031144901,0.316155567,0.509216212,2.280924692,2.463343471,7.590128394,10.88302405,11.63467137,14.59118757,15.28445466,18.21025616,18.01780959,18.42614247,18.99093512,19.10272627,19.28946685,20.10623879,16.12518272,
Pre-demographic dividend,PRE,Fixed broadband subscriptions (per 100 people),IT.NET.BBND.P2,,,,,,,,,,,,,,,,,,,,,,,,,,,,,,,,,,,,,,,,,,,,,,,,0.038128092,0.043968321,0.049277192,0.053378879,,0.09107599,0.089575179,0.119517996,0.145468872,0.171980298,0.710471842,0.773950247,
Puerto Rico,PRI,Fixed broadband subscriptions (per 100 people),IT.NET.BBND.P2,,,,,,,,,,,,,,,,,,,,,,,,,,,,,,,,,,,,,,,,,,0.066125457,0.620359313,1.487194477,2.369655624,3.256377053,4.145753881,5.038187781,11.81558257,13.3543072,15.40627084,15.68182016,16.20849229,17.16878937,17.67203139,20.83120658,20.92064725,20.86430083,20.03644563,
"Korea, Dem. People’s Rep.",PRK,Fixed broadband subscriptions (per 100 people),IT.NET.BBND.P2,,,,,,,,,,,,,,,,,,,,,,,,,,,,,,,,,,,,,,,,,,,,,,,,,,,,,,,,,,,,
Portugal,PRT,Fixed broadband subscriptions (per 100 people),IT.NET.BBND.P2,,,,,,,,,,,,,,,,,,,,,,,,,,,,,,,,,,,,,,,,0.002896292,0.244282086,0.960367855,2.509063414,4.813506006,8.006659586,11.09045586,13.503841,14.44272531,15.43538021,18.02920505,20.07056775,21.22202059,22.71240781,24.47580311,27.43056442,30.30557125,32.69172996,34.74392398,36.90145066,
Paraguay,PRY,Fixed broadband subscriptions (per 100 people),IT.NET.BBND.P2,,,,,,,,,,,,,,,,,,,,,,,,,,,,,,,,,,,,,,,,,0.002817853,0.005526446,0.009038385,0.008876292,0.053223522,0.096152261,0.101467748,0.14337092,0.21048145,1.256251651,1.432341766,1.896139171,2.120247985,2.405059325,2.805125701,3.216372695,3.639195311,4.226902892,4.610364537,
West Bank and Gaza,PSE,Fixed broadband subscriptions (per 100 people),IT.NET.BBND.P2,,,,,,,,,,,,,,,,,,,,,,,,,,,,,,,,,,,,,,,,,,,,,0.000513505,0.208582486,0.741913411,1.481394717,,,,3.758486561,4.394124538,4.916669417,5.309577051,6.060718463,6.917772552,7.580678152,7.486892294,
Pacific island small states,PSS,Fixed broadband subscriptions (per 100 people),IT.NET.BBND.P2,,,,,,,,,,,,,,,,,,,,,,,,,,,,,,,,,,,,,,,,,,,,,,0.439723716,0.531623752,0.704440774,0.840004709,0.869394938,1.429231384,1.546204912,0.986550677,0.978478805,1.239623513,1.240228628,1.196631735,1.164086522,1.105531858,
Post-demographic dividend,PST,Fixed broadband subscriptions (per 100 people),IT.NET.BBND.P2,,,,,,,,,,,,,,,,,,,,,,,,,,,,,,,,,,,,,,,,,1.722665618,3.740352795,6.167076798,8.742266497,12.04820745,15.39697925,18.87034364,21.79433159,23.82321013,25.29873723,26.80130575,27.98391158,28.94007546,29.92806584,30.74410695,31.93550927,32.92561965,33.80301573,34.40776996,
French Polynesia,PYF,Fixed broadband subscriptions (per 100 people),IT.NET.BBND.P2,,,,,,,,,,,,,,,,,,,,,,,,,,,,,,,,,,,,,,,,,,0.010206956,0.012852851,0.374352501,1.777789931,4.250714893,6.985939236,8.982913433,10.47901811,11.32122419,12.10223115,13.4479899,14.94434903,16.60945222,18.30661931,19.00528698,20.19229719,20.89227894,21.5320568,
Qatar,QAT,Fixed broadband subscriptions (per 100 people),IT.NET.BBND.P2,,,,,,,,,,,,,,,,,,,,,,,,,,,,,,,,,,,,,,,,,,,0.035576749,0.43869942,1.448892523,2.959154904,4.573432768,7.195547728,7.390519015,8.747092057,7.853519342,8.085040752,8.429911028,9.222348618,9.168517541,9.267376282,9.558487237,9.415985742,9.631079325,
Romania,ROU,Fixed broadband subscriptions (per 100 people),IT.NET.BBND.P2,,,,,,,,,,,,,,,,,,,,,,,,,,,,,,,,,,,,,,,,,,0.027285936,0.072300383,0.902865218,0.483203057,1.760680191,5.133203088,9.281080435,12.08573391,13.6282645,14.65718999,16.14395204,17.50757843,18.82636552,20.04593248,21.39068791,22.47896512,24.30552831,26.05849633,
Russian Federation,RUS,Fixed broadband subscriptions (per 100 people),IT.NET.BBND.P2,,,,,,,,,,,,,,,,,,,,,,,,,,,,,,,,,,,,,,,,,,,0.007574939,0.237188236,0.468487637,1.105990532,2.022269285,3.420206294,6.478240887,9.000403155,10.94234698,12.27170131,14.53068301,16.45263962,17.24714162,18.54085073,18.94519321,21.37237509,22.0008863,
Rwanda,RWA,Fixed broadband subscriptions (per 100 people),IT.NET.BBND.P2,,,,,,,,,,,,,,,,,,,,,,,,,,,,,,,,,,,,,,,,,,,,,0.013225008,0.013348092,0.018842602,0.027421465,0.011759105,0.022631627,0.039265537,0.083986418,0.052115359,0.02572252,0.026318093,0.185811136,0.186145531,0.181788422,0.060973974,
South Asia,SAS,Fixed broadband subscriptions (per 100 people),IT.NET.BBND.P2,,,,,,,,,,,,,,,,,,,,,,,,,,,,,,,,,,,,,,,,,,0.004600645,0.007476674,0.012756467,0.02183615,0.102486063,0.168130456,0.210802482,0.353635976,0.536049724,0.76326159,0.948288279,1.052374694,1.10556971,1.256994937,1.407125807,1.584381203,1.605516259,1.799044406,
Saudi Arabia,SAU,Fixed broadband subscriptions (per 100 people),IT.NET.BBND.P2,,,,,,,,,,,,,,,,,,,,,,,,,,,,,,,,,,,,,,,,,,0.066029507,0.159511583,0.204758956,0.296982425,0.284671981,0.890575717,2.474194842,4.048501613,5.398804512,6.241819136,6.903514127,8.712604056,,,19.97485187,19.71905451,20.0998611,20.24129125,
Sudan,SDN,Fixed broadband subscriptions (per 100 people),IT.NET.BBND.P2,,,,,,,,,,,,,,,,,,,,,,,,,,,,,,,,,,,,,,,,,,,,,0.00211876,0.00329735,0.005218702,0.104484833,0.106764054,,0.039079447,0.049307376,0.068489663,0.069342411,0.054403043,0.072213033,0.06619246,0.074850422,0.075002034,
Senegal,SEN,Fixed broadband subscriptions (per 100 people),IT.NET.BBND.P2,,,,,,,,,,,,,,,,,,,,,,,,,,,,,,,,,,,,,,,,,,,0.011668953,0.022605962,0.070906024,0.162559165,0.254132129,0.326274827,0.394495456,0.476040536,0.620335084,0.71132698,0.713035793,0.774413848,0.729198612,0.690134671,0.655970089,0.725030327,0.818830296,
Singapore,SGP,Fixed broadband subscriptions (per 100 people),IT.NET.BBND.P2,,,,,,,,,,,,,,,,,,,,,,,,,,,,,,,,,,,,,,,0.259019446,0.758582795,1.712638603,3.703571985,6.578275756,10.10116911,13.05176442,15.38321963,17.89733666,20.22439027,22.4297312,24.83583383,26.08370953,26.75336972,26.68416806,27.38305863,26.67571059,26.57653082,28.15711098,28.27940444,27.97221502,
Solomon Islands,SLB,Fixed broadband subscriptions (per 100 people),IT.NET.BBND.P2,,,,,,,,,,,,,,,,,,,,,,,,,,,,,,,,,,,,,,,,,,,,,0.043616792,0.095761388,0.135113225,0.203197516,0.297997457,0.388213075,0.477777294,0.44873606,0.383409793,0.32975342,0.227396994,0.235443147,0.264594681,0.183322092,0.227921275,
Sierra Leone,SLE,Fixed broadband subscriptions (per 100 people),IT.NET.BBND.P2,,,,,,,,,,,,,,,,,,,,,,,,,,,,,,,,,,,,,,,,,,,,,,,,,,,,,,,,,,,,
El Salvador,SLV,Fixed broadband subscriptions (per 100 people),IT.NET.BBND.P2,,,,,,,,,,,,,,,,,,,,,,,,,,,,,,,,,,,,,,,,,,,,0.327006143,0.486752791,0.699159617,1.011349971,1.470091601,2.01359674,2.426333529,2.834371652,3.31692689,3.881099526,4.539176868,5.066060611,5.580934065,6.219290535,7.06409047,7.666788252,
San Marino,SMR,Fixed broadband subscriptions (per 100 people),IT.NET.BBND.P2,,,,,,,,,,,,,,,,,,,,,,,,,,,,,,,,,,,,,,,,,,,,2.100693229,3.718037319,4.160414677,4.983164983,5.318830456,16.10041401,17.67263759,19.18729386,20.65001105,30.84254789,31.42874697,35.5105014,34.98737677,35.81661891,31.18410502,,
Somalia,SOM,Fixed broadband subscriptions (per 100 people),IT.NET.BBND.P2,,,,,,,,,,,,,,,,,,,,,,,,,,,,,,,,,,,,,,,,,,,,,,,,,,,,,0.314576624,0.459287915,0.521470894,0.594323443,0.648543358,0.67173074,,
Serbia,SRB,Fixed broadband subscriptions (per 100 people),IT.NET.BBND.P2,,,,,,,,,,,,,,,,,,,,,,,,,,,,,,,,,,,,,,,,,,,,,,0.364222726,1.33094407,3.578984495,5.046090536,6.545080728,9.563649297,10.82588139,11.9011583,13.15895989,13.3854722,14.87285306,16.38766731,16.77028749,17.6326636,
Sub-Saharan Africa (excluding high income),SSA,Fixed broadband subscriptions (per 100 people),IT.NET.BBND.P2,,,,,,,,,,,,,,,,,,,,,,,,,,,,,,,,,,,,,,,,,,,,,,0.038734676,,0.098251288,0.111697534,0.133482318,0.162152513,0.263828104,0.247688836,0.3176434,0.382981029,0.370194498,0.373090192,0.365975725,0.435738341,
South Sudan,SSD,Fixed broadband subscriptions (per 100 people),IT.NET.BBND.P2,,,,,,,,,,,,,,,,,,,,,,,,,,,,,,,,,,,,,,,,,,,,,,,,,,,2.10E-05,4.07E-05,0.00016809,0.000965714,0.000947429,0.001399821,0.00138472,0.001833052,0.00182217,
Sub-Saharan Africa,SSF,Fixed broadband subscriptions (per 100 people),IT.NET.BBND.P2,,,,,,,,,,,,,,,,,,,,,,,,,,,,,,,,,,,,,,,,,,,,,,0.038895367,,0.098751801,0.112161729,0.134109744,0.16295734,0.265298719,0.248917779,0.318943602,0.384200132,0.371523359,0.374444146,0.36740871,0.437857772,
Small states,SST,Fixed broadband subscriptions (per 100 people),IT.NET.BBND.P2,,,,,,,,,,,,,,,,,,,,,,,,,,,,,,,,,,,,,,,,,,,,,,2.006660182,3.364759537,3.586266281,4.239948905,5.089391538,5.31186478,6.01347819,6.496428459,6.859041009,7.216071805,7.718887086,7.966376492,8.095467913,8.970040068,
Sao Tome and Principe,STP,Fixed broadband subscriptions (per 100 people),IT.NET.BBND.P2,,,,,,,,,,,,,,,,,,,,,,,,,,,,,,,,,,,,,,,,,,,,,,,0.077312733,0.185207456,0.201028518,0.251882008,0.324331517,0.399406039,0.4129424,0.509144294,0.562007286,0.658871194,0.701186358,0.714185688,0.737816783,
Suriname,SUR,Fixed broadband subscriptions (per 100 people),IT.NET.BBND.P2,,,,,,,,,,,,,,,,,,,,,,,,,,,,,,,,,,,,,,,,,,,0.019492571,0.044267556,0.085075525,0.221637596,0.525633541,0.822604909,1.113081414,1.733666468,2.861862185,4.327524062,5.407532633,6.77792984,8.386456596,9.423528507,12.6072779,12.48334782,12.70438723,
Slovak Republic,SVK,Fixed broadband subscriptions (per 100 people),IT.NET.BBND.P2,,,,,,,,,,,,,,,,,,,,,,,,,,,,,,,,,,,,,,,,,,,0.075609403,0.415957231,1.45876008,3.362460532,5.642405087,10.12586012,11.19923043,14.34982494,16.22696693,17.62080054,19.30769033,20.45585123,21.94251661,23.43456881,24.55972553,25.78518328,27.65439443,
Slovenia,SVN,Fixed broadband subscriptions (per 100 people),IT.NET.BBND.P2,,,,,,,,,,,,,,,,,,,,,,,,,,,,,,,,,,,,,,,,,,0.27673499,2.854925886,2.917305125,5.781716814,9.857261441,13.97372193,17.13005897,21.02239587,22.07833203,23.02738119,24.10057686,24.75120552,25.42864898,26.88359013,27.23282504,28.41168445,28.9839019,29.48917552,
Sweden,SWE,Fixed broadband subscriptions (per 100 people),IT.NET.BBND.P2,,,,,,,,,,,,,,,,,,,,,,,,,,,,,,,,,,,,,,,,,2.803536284,6.597141561,9.416290856,12.23267418,15.68295254,27.90248028,27.36317998,30.3428627,31.42809103,31.62316641,31.9433795,31.98005432,32.2040715,32.72624001,33.85641403,35.80397237,37.41119745,39.03476624,39.84924042,
Eswatini,SWZ,Fixed broadband subscriptions (per 100 people),IT.NET.BBND.P2,,,,,,,,,,,,,,,,,,,,,,,,,,,,,,,,,,,,,,,,,,,,,,,,,0.073527661,0.142226661,0.343526756,0.748484422,0.317709453,0.38644036,0.465745343,0.543456601,0.62836794,0.711234392,,
Sint Maarten (Dutch part),SXM,Fixed broadband subscriptions (per 100 people),IT.NET.BBND.P2,,,,,,,,,,,,,,,,,,,,,,,,,,,,,,,,,,,,,,,,,,,,,,,,,,,,,,,,,,,,
Seychelles,SYC,Fixed broadband subscriptions (per 100 people),IT.NET.BBND.P2,,,,,,,,,,,,,,,,,,,,,,,,,,,,,,,,,,,,,,,,,,,,,0.399345485,1.069398069,2.764560016,3.877319954,3.777819545,5.015308033,7.443241585,10.24346179,11.42187618,13.28871995,12.55320278,14.1295879,14.66408944,15.78647141,20.28507869,
Syrian Arab Republic,SYR,Fixed broadband subscriptions (per 100 people),IT.NET.BBND.P2,,,,,,,,,,,,,,,,,,,,,,,,,,,,,,,,,,,,,,,,,,,,,0.003365526,0.01470494,0.027377771,0.034998044,0.05349874,0.16343114,0.326819919,0.575377405,1.184772768,1.767993919,2.67864754,4.052033493,5.780594112,8.324150701,7.841153913,
Turks and Caicos Islands,TCA,Fixed broadband subscriptions (per 100 people),IT.NET.BBND.P2,,,,,,,,,,,,,,,,,,,,,,,,,,,,,,,,,,,,,,,,,,,,,,,,,,,,,,,,,,,,
Chad,TCD,Fixed broadband subscriptions (per 100 people),IT.NET.BBND.P2,,,,,,,,,,,,,,,,,,,,,,,,,,,,,,,,,,,,,,,,,,,,,,,,,,0.002569171,0.002769379,0.127813387,0.152165666,0.111108312,0.07414609,0.08034172,0.035202031,0.002204205,0.002157939,
East Asia & Pacific (IDA & IBRD countries),TEA,Fixed broadband subscriptions (per 100 people),IT.NET.BBND.P2,,,,,,,,,,,,,,,,,,,,,,,,,,,,,,,,,,,,,,,,,0.00177489,0.021804174,0.195617989,0.632716825,1.399974503,2.053137755,2.805976479,3.714122834,4.655896714,5.879340377,7.336594942,8.626386019,9.874816656,10.58845026,11.18409863,14.70574515,16.9805106,20.53514413,21.40874181,
Europe & Central Asia (IDA & IBRD countries),TEC,Fixed broadband subscriptions (per 100 people),IT.NET.BBND.P2,,,,,,,,,,,,,,,,,,,,,,,,,,,,,,,,,,,,,,,,,,,0.055771266,0.268100185,0.645721442,1.178265335,2.65573011,4.315801531,6.16808295,7.912713565,9.475812877,10.77028433,12.11097835,13.41731754,14.02429783,15.21305686,15.9134633,17.37535386,18.47175365,
Togo,TGO,Fixed broadband subscriptions (per 100 people),IT.NET.BBND.P2,,,,,,,,,,,,,,,,,,,,,,,,,,,,,,,,,,,,,,,,,,,,,,,,0.020285932,0.031413251,0.066647096,0.423954545,0.516059645,0.612550487,0.099428848,0.176660129,0.902233708,0.649311826,0.656623637,0.331546351,
Thailand,THA,Fixed broadband subscriptions (per 100 people),IT.NET.BBND.P2,,,,,,,,,,,,,,,,,,,,,,,,,,,,,,,,,,,,,,,,,,0.002538591,,0.017987644,0.253518335,0.849170532,1.357717016,1.954216691,3.11553937,3.924632956,4.839422048,5.768798864,6.66165831,7.61910151,7.94871373,9.065043045,10.46667116,11.85959043,13.23520776,
Tajikistan,TJK,Fixed broadband subscriptions (per 100 people),IT.NET.BBND.P2,,,,,,,,,,,,,,,,,,,,,,,,,,,,,,,,,,,,,,,,,,,,0.000152869,,,,0.051609363,0.050735583,0.059744027,0.062438608,0.065215894,0.068572865,0.07196236,0.073914012,0.070972086,0.069255443,0.067565528,,
Turkmenistan,TKM,Fixed broadband subscriptions (per 100 people),IT.NET.BBND.P2,,,,,,,,,,,,,,,,,,,,,,,,,,,,,,,,,,,,,,,,,,,,,,,,,0.001519521,0.009285229,0.014212104,0.021259798,0.026576055,0.033542177,0.042075777,0.053905576,0.070641823,0.086840729,,
Latin America & the Caribbean (IDA & IBRD countries),TLA,Fixed broadband subscriptions (per 100 people),IT.NET.BBND.P2,,,,,,,,,,,,,,,,,,,,,,,,,,,,,,,,,,,,,,,,,0.035413322,0.143182075,0.3169189,0.482263195,1.194783647,1.567288099,2.409252933,3.676785464,5.018165708,6.017413217,6.819799136,8.199545461,8.680970842,9.399125602,10.11961798,10.89826983,11.48328735,12.21066195,13.62816317,
Timor-Leste,TLS,Fixed broadband subscriptions (per 100 people),IT.NET.BBND.P2,,,,,,,,,,,,,,,,,,,,,,,,,,,,,,,,,,,,,,,,,,,,0.000950261,0.001337596,0.002210755,0.002853118,0.004824429,0.00672711,0.043843441,0.045723775,0.049409289,0.052957032,0.060695712,0.087539203,0.085931479,0.054293981,0.052764591,0.04755618,
Middle East & North Africa (IDA & IBRD countries),TMN,Fixed broadband subscriptions (per 100 people),IT.NET.BBND.P2,,,,,,,,,,,,,,,,,,,,,,,,,,,,,,,,,,,,,,,,,,,,0.044673784,,,0.339418881,0.553965857,0.820884927,1.157116484,1.576950903,2.337509988,3.148271609,3.813030887,4.633146508,5.020483609,5.768512457,7.112516166,7.710833861,
Tonga,TON,Fixed broadband subscriptions (per 100 people),IT.NET.BBND.P2,,,,,,,,,,,,,,,,,,,,,,,,,,,,,,,,,,,,,,,,,,,0.011108643,0.022090793,0.333273464,0.639215103,0.62238216,0.760374728,0.697433715,0.96255655,1.057834709,1.255286688,1.46003874,1.670466158,1.781684286,2.438951787,2.966390792,2.941234142,2.440962431,
South Asia (IDA & IBRD),TSA,Fixed broadband subscriptions (per 100 people),IT.NET.BBND.P2,,,,,,,,,,,,,,,,,,,,,,,,,,,,,,,,,,,,,,,,,,0.004600645,0.007476674,0.012756467,0.02183615,0.102486063,0.168130456,0.210802482,0.353635976,0.536049724,0.76326159,0.948288279,1.052374694,1.10556971,1.256994937,1.407125807,1.584381203,1.605516259,1.799044406,
Sub-Saharan Africa (IDA & IBRD countries),TSS,Fixed broadband subscriptions (per 100 people),IT.NET.BBND.P2,,,,,,,,,,,,,,,,,,,,,,,,,,,,,,,,,,,,,,,,,,,,,,0.038895367,,0.098751801,0.112161729,0.134109744,0.16295734,0.265298719,0.248917779,0.318943602,0.384200132,0.371523359,0.374444146,0.36740871,0.437857772,
Trinidad and Tobago,TTO,Fixed broadband subscriptions (per 100 people),IT.NET.BBND.P2,,,,,,,,,,,,,,,,,,,,,,,,,,,,,,,,,,,,,,,,,,,0.013780004,0.068871006,0.32810825,0.833242062,1.582497864,2.712443951,6.500624219,9.84586617,12.26144395,12.89633567,14.97673665,15.69753484,18.21183327,20.32520681,18.55302128,23.60997616,24.53838311,
Tunisia,TUN,Fixed broadband subscriptions (per 100 people),IT.NET.BBND.P2,,,,,,,,,,,,,,,,,,,,,,,,,,,,,,,,,,,,,,,,,,,0.000263391,0.002604251,0.028326896,0.173873535,0.429801786,0.930796219,2.182816866,3.542635763,4.534019154,5.207263533,4.861324816,4.747432906,5.129970973,5.133985853,5.664102223,7.012629529,8.771097018,
Turkey,TUR,Fixed broadband subscriptions (per 100 people),IT.NET.BBND.P2,,,,,,,,,,,,,,,,,,,,,,,,,,,,,,,,,,,,,,,,,,0.017003612,0.032550281,0.301597524,0.862442888,2.341217648,4.034051318,6.831892421,8.175346674,9.043971501,9.813989489,10.33637128,10.5410011,11.71331825,11.48057285,12.10322874,13.15291498,14.70097003,16.28274432,
Tuvalu,TUV,Fixed broadband subscriptions (per 100 people),IT.NET.BBND.P2,,,,,,,,,,,,,,,,,,,,,,,,,,,,,,,,,,,,,,,,,,,,,0.506636944,1.5,2.470355731,2.641620194,2.811712236,0.959324635,2.279202279,4.23210759,4.190334296,4.144791379,4.101348888,4.054419317,4.008908686,3.957783641,,
Tanzania,TZA,Fixed broadband subscriptions (per 100 people),IT.NET.BBND.P2,,,,,,,,,,,,,,,,,,,,,,,,,,,,,,,,,,,,,,,,,,,,,,0.006733364,0.007580534,0.008342876,0.015343835,0.016128121,0.017034029,0.061891453,0.087826438,0.11638069,0.169333567,0.205894675,0.600336706,1.39674582,1.529357877,
Uganda,UGA,Fixed broadband subscriptions (per 100 people),IT.NET.BBND.P2,,,,,,,,,,,,,,,,,,,,,,,,,,,,,,,,,,,,,,,,,,,,,,0.003070301,0.004234993,0.006308006,0.015766435,0.01910153,0.043172345,0.106085497,0.111115278,0.116264349,0.149541378,0.211178662,0.232325189,0.023521502,0.02219802,
Ukraine,UKR,Fixed broadband subscriptions (per 100 people),IT.NET.BBND.P2,,,,,,,,,,,,,,,,,,,,,,,,,,,,,,,,,,,,,,,,,,,,,,0.277231827,1.115487517,1.724645103,3.464220984,4.147706232,6.454904046,6.956210822,8.037551512,8.858429483,9.30621027,11.64370424,12.03425849,12.35354321,12.80325605,
Upper middle income,UMC,Fixed broadband subscriptions (per 100 people),IT.NET.BBND.P2,,,,,,,,,,,,,,,,,,,,,,,,,,,,,,,,,,,,,,,,,0.00881957,0.045191893,0.215249985,0.613096218,1.428574113,2.150488703,2.96744703,4.101664179,5.348450661,6.664291767,8.012132732,9.847291339,10.99449313,11.93898502,12.64792762,15.89424484,17.84813994,20.82803801,21.92612634,
Uruguay,URY,Fixed broadband subscriptions (per 100 people),IT.NET.BBND.P2,,,,,,,,,,,,,,,,,,,,,,,,,,,,,,,,,,,,,,,,,,,,,0.812891618,1.461224522,3.205087146,4.952894111,7.320803025,9.478051012,11.41761243,14.03636877,17.18476757,21.74628693,24.71039008,26.40476622,26.91712257,27.73874257,28.33601746,
United States,USA,Fixed broadband subscriptions (per 100 people),IT.NET.BBND.P2,,,,,,,,,,,,,,,,,,,,,,,,,,,,,,,,,,,,,,,0.256527384,0.98880068,2.509620243,4.494888518,6.920633597,9.57310291,12.77644087,17.34151705,20.23035652,23.85295723,25.4146804,26.11492781,27.3523823,28.34451919,29.45894011,30.35140225,30.69286505,31.85382022,32.72717192,33.27962877,33.80289286,
Uzbekistan,UZB,Fixed broadband subscriptions (per 100 people),IT.NET.BBND.P2,,,,,,,,,,,,,,,,,,,,,,,,,,,,,,,,,,,,,,,,,,,,0.01070717,0.021144578,0.031296602,0.032230178,0.070502495,0.238752101,0.316171483,0.413804098,0.509921486,0.748996253,1.023297952,2.696508044,5.780186247,8.734755262,10.38871194,12.69699784,
St. Vincent and the Grenadines,VCT,Fixed broadband subscriptions (per 100 people),IT.NET.BBND.P2,,,,,,,,,,,,,,,,,,,,,,,,,,,,,,,,,,,,,,,,,,0.075072292,1.004653228,1.057917767,1.216455323,3.357762351,5.172969439,7.346246706,8.638934249,10.62639098,11.54865826,12.23180324,12.55683128,13.44479019,13.51815618,15.53853483,19.97551595,17.54850811,22.33261653,
"Venezuela, RB",VEN,Fixed broadband subscriptions (per 100 people),IT.NET.BBND.P2,,,,,,,,,,,,,,,,,,,,,,,,,,,,,,,,,,,,,,,,,0.018489242,0.148646021,0.311353505,0.45788479,0.808602081,1.347578603,2.002324452,3.148210063,4.035054924,4.99999126,5.882839415,6.28512157,6.936821999,7.499506397,7.988834525,8.608894758,8.756720614,8.869417291,9.016399628,
British Virgin Islands,VGB,Fixed broadband subscriptions (per 100 people),IT.NET.BBND.P2,,,,,,,,,,,,,,,,,,,,,,,,,,,,,,,,,,,,,,,,,,,,,,,,,,28.4404009,24.74994603,25.78127759,25.95113438,21.43030471,22.05319259,22.84577387,21.18208142,16.91517057,15.82108583,
Virgin Islands (U.S.),VIR,Fixed broadband subscriptions (per 100 people),IT.NET.BBND.P2,,,,,,,,,,,,,,,,,,,,,,,,,,,,,,,,,,,,,,,,,,,,,1.372904563,2.752472308,,5.538906782,6.946682154,8.457692741,8.577865337,,,8.641729106,8.657267348,8.574858515,,,,
Vietnam,VNM,Fixed broadband subscriptions (per 100 people),IT.NET.BBND.P2,,,,,,,,,,,,,,,,,,,,,,,,,,,,,,,,,,,,,,,,,,,0.001319688,0.011154089,0.06345679,0.250527655,0.610475086,1.515004913,2.375779122,3.690545285,4.171216303,4.318832452,5.317667686,5.677607533,6.542661911,8.26268947,9.716197135,11.91316998,13.6002095,
Vanuatu,VUT,Fixed broadband subscriptions (per 100 people),IT.NET.BBND.P2,,,,,,,,,,,,,,,,,,,,,,,,,,,,,,,,,,,,,,,,,,,,0.007539242,0.011267495,0.028191627,0.044315902,0.059233068,0.089005981,0.217158095,0.211675155,0.138881448,0.124248995,0.120794124,1.731416358,1.584848597,1.575827255,1.591187699,1.611999453,
World,WLD,Fixed broadband subscriptions (per 100 people),IT.NET.BBND.P2,,,,,,,,,,,,,,,,,,,,,,,,,,,,,,,,,,,,,,,,,,0.837601894,1.342418089,1.975955607,2.943473461,3.657764375,4.651997684,5.369714089,6.25741229,7.096457578,7.846251604,8.98314997,9.353165327,9.773020686,10.21706337,11.51748478,12.40953645,13.6689193,14.48929022,
Samoa,WSM,Fixed broadband subscriptions (per 100 people),IT.NET.BBND.P2,,,,,,,,,,,,,,,,,,,,,,,,,,,,,,,,,,,,,,,,,,,,,0.017918137,0.036165963,0.054180765,0.071410523,0.087306221,0.108368192,0.107556373,,0.573275019,0.649125935,1.051393968,1.076930232,1.114966458,0.866128834,,
Kosovo,XKX,Fixed broadband subscriptions (per 100 people),IT.NET.BBND.P2,,,,,,,,,,,,,,,,,,,,,,,,,,,,,,,,,,,,,,,,,,,,,,,,,,,,,,,,,,,,
"Yemen, Rep.",YEM,Fixed broadband subscriptions (per 100 people),IT.NET.BBND.P2,,,,,,,,,,,,,,,,,,,,,,,,,,,,,,,,,,,,,,,,,,,,,,0.00744999,0.013442805,0.051685621,0.118764054,0.239824555,0.362774891,0.457837224,0.683605537,1.021190945,1.316630966,1.490684786,1.016699372,1.325692112,1.355606503,
South Africa,ZAF,Fixed broadband subscriptions (per 100 people),IT.NET.BBND.P2,,,,,,,,,,,,,,,,,,,,,,,,,,,,,,,,,,,,,,,,,,,0.005783201,0.043478916,0.126872399,0.345212877,0.691102782,0.76954775,0.855774462,0.952909038,1.45069122,1.744104825,2.095673475,3.008561402,3.128313254,2.54457383,2.04735491,1.970169807,1.915495359,
Zambia,ZMB,Fixed broadband subscriptions (per 100 people),IT.NET.BBND.P2,,,,,,,,,,,,,,,,,,,,,,,,,,,,,,,,,,,,,,,,,0.000201614,0.000289931,0.000437489,0.000808404,0.002164382,0.002108593,0.019213844,0.031992429,0.044386401,0.080982879,0.075459445,0.117055996,0.103690594,0.090087833,0.133255081,0.147298119,0.194237673,0.213082084,0.24991776,
Zimbabwe,ZWE,Fixed broadband subscriptions (per 100 people),IT.NET.BBND.P2,,,,,,,,,,,,,,,,,,,,,,,,,,,,,,,,,,,,,,,,,,0.006465998,0.023815718,0.053295615,0.074601212,0.08433596,0.083912694,0.12410327,0.145401097,0.37622831,0.259889116,0.263681952,0.548259074,0.778375256,1.120462817,1.187053232,1.217633426,1.315693816,1.40632166,